[
{
  "model": "products.category",
  "pk": 1,
  "fields": {
    "name": "accessories",
    "friendly_name": "Accessories"
  }
},
{
  "model": "products.category",
  "pk": 2,
  "fields": {
    "name": "t-shirts",
    "friendly_name": "T-Shirts"
  }
},
{
  "model": "products.category",
  "pk": 3,
  "fields": {
    "name": "hoodies",
    "friendly_name": "Hoodies"
  }
},
{
  "model": "products.category",
  "pk": 4,
  "fields": {
    "name": "bags",
    "friendly_name": "Gym Bags"
  }
},
{
  "model": "products.category",
  "pk": 5,
  "fields": {
    "name": "leggings",
    "friendly_name": "Gym Leggings"
  }
},
{
  "model": "products.product",
  "pk": 1,
  "fields": {
    "name": "Resistance Band Light",
    "description": "High quality resistance bands",
    "sizes": "s, m, l, xl",
    "price": "9.99",
    "category": 1,
    "image": "products/accessory_1.jpg"
  }
},
{
  "model": "products.product",
  "pk": 2,
  "fields": {
    "name": "Resistance Band Medium",
    "description": "resistence band",
    "sizes": "s",
    "price": "2.00",
    "category": 2,
    "image": "products/logo2_bqmP0JE.png"
  }
},
{
  "model": "products.product",
  "pk": 5,
  "fields": {
    "name": "Fabric Resistance Band",
    "description": "mulit coloured resistance band",
    "sizes": "xs",
    "price": "14.99",
    "category": 1,
    "image": "products/accessory_1_URnww5L.jpg"
  }
},
{
  "model": "products.product",
  "pk": 6,
  "fields": {
    "name": "Full Set Resistance Bands",
    "description": "black and white",
    "sizes": "xs",
    "price": "24.99",
    "category": 1,
    "image": "products/logo2.png"
  }
},
{
  "model": "products.product",
  "pk": 7,
  "fields": {
    "name": "Men's Training T-Shirt Black",
    "description": "Lightweight lose fitted crew neck",
    "sizes": "l,xl",
    "price": "19.99",
    "category": 2,
    "image": "products/tshirt_1.jpg"
  }
},
{
  "model": "products.product",
  "pk": 8,
  "fields": {
    "name": "Men's Training T-Shirt White",
    "description": "White 100% Cotton T",
    "sizes": "s,m,l,xl",
    "price": "19.99",
    "category": 2,
    "image": "products/tshirt_2.jpg"
  }
},
{
  "model": "products.product",
  "pk": 9,
  "fields": {
    "name": "Women's Crop Gym T-Shirt",
    "description": "Green Sports Jersy",
    "sizes": "s,m,l,xl",
    "price": "17.99",
    "category": 2,
    "image": "products/tshirt_3.jpg"
  }
},
{
  "model": "products.product",
  "pk": 10,
  "fields": {
    "name": "Oversized Gym T-Shirt",
    "description": "",
    "sizes": "",
    "price": "21.99",
    "category": 2,
    "image": "products/tshirt_4.jpg"
  }
},
{
  "model": "products.product",
  "pk": 11,
  "fields": {
    "name": "Breathable Running Tee",
    "description": "Fit tech breathable material",
    "sizes": "s,m,l,xl",
    "price": "18.99",
    "category": 2,
    "image": "products/tshirt_5.jpg"
  }
},
{
  "model": "products.product",
  "pk": 12,
  "fields": {
    "name": "Performance Gym T-Shirt",
    "description": "Unisex active wear",
    "sizes": "s,m,l,xl",
    "price": "22.99",
    "category": 2,
    "image": "products/tshirt_6.jpg"
  }
},
{
  "model": "products.product",
  "pk": 13,
  "fields": {
    "name": "Slim Fit Gym Tee",
    "description": "Slim fit, round neck active wear",
    "sizes": "s,l",
    "price": "20.99",
    "category": 2,
    "image": "products/tshirt_7.jpg"
  }
},
{
  "model": "products.product",
  "pk": 14,
  "fields": {
    "name": "Pullover Gym Hoodie Black",
    "description": "High performance pullover, breathable material.",
    "sizes": "s",
    "price": "39.99",
    "category": 3,
    "image": "products/hoodie_1.jpg"
  }
},
{
  "model": "products.product",
  "pk": 15,
  "fields": {
    "name": "Zip Up Training Hoodie",
    "description": "Athletic style zip up",
    "sizes": "m,l,xl,xxl",
    "price": "44.99",
    "category": 3,
    "image": "products/hoodie_2.jpg"
  }
},
{
  "model": "products.product",
  "pk": 16,
  "fields": {
    "name": "Lightweight Fitness Hoodie",
    "description": "Breathable, lightweight material, water resistant",
    "sizes": "m,xxl",
    "price": "34.99",
    "category": 3,
    "image": "products/hoodie_3.jpg"
  }
},
{
  "model": "products.product",
  "pk": 17,
  "fields": {
    "name": "Oversized Gym Hoodie",
    "description": "Large look comfort style",
    "sizes": "s,m,l,xl, xxl",
    "price": "42.99",
    "category": 3,
    "image": "products/hoodie_4.jpg"
  }
},
{
  "model": "products.product",
  "pk": 18,
  "fields": {
    "name": "Women's Cropped Hoodie",
    "description": "White cropped with draw string",
    "sizes": "m",
    "price": "36.99",
    "category": 3,
    "image": "products/hoodie_5.jpg"
  }
},
{
  "model": "products.product",
  "pk": 19,
  "fields": {
    "name": "Thermal Training Hoodie",
    "description": "Wind breaker with built in base layer technology to maintain core heat.",
    "sizes": "s,m,l,xl",
    "price": "87.99",
    "category": 3,
    "image": "products/hoodie_6.jpg"
  }
},
{
  "model": "products.product",
  "pk": 20,
  "fields": {
    "name": "Athletic Performance Hoodie",
    "description": "Breathable material made from organic source",
    "sizes": "s,m,l,xl",
    "price": "49.99",
    "category": 3,
    "image": "products/hoodie_7.jpg"
  }
},
{
  "model": "products.product",
  "pk": 21,
  "fields": {
    "name": "Minimalist Gym Hoodie",
    "description": "Lightweight, breathable active wear",
    "sizes": "s,m,l",
    "price": "38.99",
    "category": 3,
    "image": "products/hoodie_8.jpg"
  }
},
{
  "model": "products.product",
  "pk": 22,
  "fields": {
    "name": "Classic Fit Hoodie",
    "description": "Navy hoody with frontal pouch",
    "sizes": "s,m,l,xl,xxl",
    "price": "35.99",
    "category": 3,
    "image": "products/hoodie_9.jpg"
  }
},
{
  "model": "products.product",
  "pk": 23,
  "fields": {
    "name": "Compact Gym Bag",
    "description": "Dusky pink gym bag - Medium size",
    "sizes": "",
    "price": "29.99",
    "category": 4,
    "image": "products/bag_1.jpg"
  }
},
{
  "model": "products.product",
  "pk": 24,
  "fields": {
    "name": "Extra Large Duffle Gym Bag",
    "description": "All back water resistant gym",
    "sizes": "",
    "price": "39.99",
    "category": 4,
    "image": "products/bag_2.jpg"
  }
},
{
  "model": "products.product",
  "pk": 25,
  "fields": {
    "name": "Pink Gym Bag",
    "description": "Pink pink to make the boys wink! Waterproof tube bag - One size",
    "sizes": "",
    "price": "34.99",
    "category": 4,
    "image": "products/bag_3.jpg"
  }
},
{
  "model": "products.product",
  "pk": 26,
  "fields": {
    "name": "Multi Compartment Gym Bag",
    "description": "Khaki duffle bag with leather handles and a stylish print - Large size",
    "sizes": "",
    "price": "44.99",
    "category": 4,
    "image": "products/bag_4.jpg"
  }
},
{
  "model": "products.product",
  "pk": 27,
  "fields": {
    "name": "Lightweight Sports Bag",
    "description": "Floral Draw String Bag - One Size",
    "sizes": "-",
    "price": "27.99",
    "category": 4,
    "image": "products/bag_5.jpg"
  }
},
{
  "model": "products.product",
  "pk": 28,
  "fields": {
    "name": "High Waisted Leggings",
    "description": "Black full length training tights",
    "sizes": "s,m,l,xl,xxl",
    "price": "29.99",
    "category": 5,
    "image": "products/leggings_1.jpg"
  }
},
{
  "model": "products.product",
  "pk": 29,
  "fields": {
    "name": "Seamless Gym Leggings",
    "description": "High waisted, breathable material",
    "sizes": "l,xl",
    "price": "32.99",
    "category": 5,
    "image": "products/leggings_2.jpg"
  }
},
{
  "model": "products.product",
  "pk": 30,
  "fields": {
    "name": "Scrunch Bum Leggings",
    "description": "Rouge effect legging to emphasis the buttox",
    "sizes": "s",
    "price": "34.99",
    "category": 5,
    "image": "products/leggings_3.jpg"
  }
},
{
  "model": "products.product",
  "pk": 31,
  "fields": {
    "name": "Compression Training Leggings",
    "description": "Full length Compression tights with a high waist",
    "sizes": "s,m,l",
    "price": "76.99",
    "category": 5,
    "image": "products/leggings_4.jpg"
  }
},
{
  "model": "products.product",
  "pk": 32,
  "fields": {
    "name": "Yoga Flex Leggings",
    "description": "Super comfy yoga pants",
    "sizes": "s,m,l,",
    "price": "28.99",
    "category": 5,
    "image": "products/leggings_5.jpg"
  }
},
{
  "model": "products.product",
  "pk": 33,
  "fields": {
    "name": "Contour Fit Leggings",
    "description": "Rough effect to emphasis buttock",
    "sizes": "s,m,l,xl",
    "price": "31.99",
    "category": 5,
    "image": "products/leggings_6.jpg"
  }
},
{
  "model": "products.product",
  "pk": 34,
  "fields": {
    "name": "Pocket Gym Leggings",
    "description": "Pocket design flexy leggings",
    "sizes": "s,m,l,xl",
    "price": "33.99",
    "category": 5,
    "image": "products/leggings_7.jpg"
  }
},
{
  "model": "products.product",
  "pk": 35,
  "fields": {
    "name": "Performance Running Leggings",
    "description": "Running tights, high waist elasticated band",
    "sizes": "s,m,l,xl,xxl",
    "price": "42.99",
    "category": 5,
    "image": "products/leggings_8.jpg"
  }
},
{
  "model": "products.product",
  "pk": 36,
  "fields": {
    "name": "Soft Stretch Leggings",
    "description": "Soft leggings made for sensitive skin",
    "sizes": "s,m,l,xl",
    "price": "27.99",
    "category": 5,
    "image": "products/leggings_9.jpg"
  }
},
{
  "model": "products.product",
  "pk": 37,
  "fields": {
    "name": "Ribbed Seamless Leggings",
    "description": "Rough effect to enhance bum",
    "sizes": "s,m,l,xl",
    "price": "30.99",
    "category": 5,
    "image": "products/leggings_10.jpg"
  }
},
{
  "model": "products.product",
  "pk": 38,
  "fields": {
    "name": "High Impact Training Leggings",
    "description": "Navy blue mid length leggings",
    "sizes": "s,m,l,xl,xxl",
    "price": "37.99",
    "category": 5,
    "image": "products/leggings_11.jpg"
  }
},
{
  "model": "products.product",
  "pk": 39,
  "fields": {
    "name": "Everyday Active Leggings",
    "description": "high waisted full length leggings",
    "sizes": "s,m,l,xl",
    "price": "26.99",
    "category": 5,
    "image": "products/leggings_12.jpg"
  }
},
{
  "model": "products.product",
  "pk": 40,
  "fields": {
    "name": "Ultra Fit Gym Leggings",
    "description": "",
    "sizes": "",
    "price": "38.99",
    "category": 5,
    "image": "products/leggings_13.jpg"
  }
},
{
  "model": "bookings.classsession",
  "pk": 1,
  "fields": {
    "class_type": "Yoga",
    "trainer": "Sarah",
    "class_date": "2026-04-25",
    "class_time": "08:00:00",
    "duration": 60,
    "capacity": 20,
    "booked_count": 0
  }
},
{
  "model": "bookings.classsession",
  "pk": 2,
  "fields": {
    "class_type": "HIIT",
    "trainer": "James",
    "class_date": "2026-04-25",
    "class_time": "09:00:00",
    "duration": 45,
    "capacity": 20,
    "booked_count": 1
  }
},
{
  "model": "bookings.classsession",
  "pk": 3,
  "fields": {
    "class_type": "Pilates",
    "trainer": "Emma",
    "class_date": "2026-04-25",
    "class_time": "10:00:00",
    "duration": 60,
    "capacity": 20,
    "booked_count": 0
  }
},
{
  "model": "bookings.classsession",
  "pk": 4,
  "fields": {
    "class_type": "Strength",
    "trainer": "Mike",
    "class_date": "2026-04-25",
    "class_time": "11:00:00",
    "duration": 60,
    "capacity": 20,
    "booked_count": 0
  }
},
{
  "model": "bookings.classsession",
  "pk": 5,
  "fields": {
    "class_type": "Core Blast",
    "trainer": "Liam",
    "class_date": "2026-04-25",
    "class_time": "12:00:00",
    "duration": 30,
    "capacity": 20,
    "booked_count": 0
  }
},
{
  "model": "bookings.classsession",
  "pk": 6,
  "fields": {
    "class_type": "LBT",
    "trainer": "Chloe",
    "class_date": "2026-04-25",
    "class_time": "13:00:00",
    "duration": 45,
    "capacity": 20,
    "booked_count": 0
  }
},
{
  "model": "bookings.classsession",
  "pk": 7,
  "fields": {
    "class_type": "Yoga",
    "trainer": "Sarah",
    "class_date": "2026-04-26",
    "class_time": "08:00:00",
    "duration": 60,
    "capacity": 20,
    "booked_count": 0
  }
},
{
  "model": "bookings.classsession",
  "pk": 8,
  "fields": {
    "class_type": "HIIT",
    "trainer": "James",
    "class_date": "2026-04-26",
    "class_time": "09:00:00",
    "duration": 45,
    "capacity": 20,
    "booked_count": 0
  }
},
{
  "model": "bookings.classsession",
  "pk": 9,
  "fields": {
    "class_type": "Pilates",
    "trainer": "Emma",
    "class_date": "2026-04-26",
    "class_time": "10:00:00",
    "duration": 60,
    "capacity": 20,
    "booked_count": 0
  }
},
{
  "model": "bookings.classsession",
  "pk": 10,
  "fields": {
    "class_type": "Strength",
    "trainer": "Mike",
    "class_date": "2026-04-26",
    "class_time": "11:00:00",
    "duration": 60,
    "capacity": 20,
    "booked_count": 0
  }
},
{
  "model": "bookings.classsession",
  "pk": 11,
  "fields": {
    "class_type": "Core Blast",
    "trainer": "Liam",
    "class_date": "2026-04-26",
    "class_time": "12:00:00",
    "duration": 30,
    "capacity": 20,
    "booked_count": 1
  }
},
{
  "model": "bookings.classsession",
  "pk": 12,
  "fields": {
    "class_type": "LBT",
    "trainer": "Chloe",
    "class_date": "2026-04-26",
    "class_time": "13:00:00",
    "duration": 45,
    "capacity": 20,
    "booked_count": 0
  }
},
{
  "model": "bookings.booking",
  "pk": 40,
  "fields": {
    "user": 1,
    "session": 11,
    "booking_status": "booked",
    "created_at": "2026-05-25T18:30:07.233Z"
  }
},
{
  "model": "bookings.booking",
  "pk": 45,
  "fields": {
    "user": 1,
    "session": 2,
    "booking_status": "booked",
    "created_at": "2026-06-10T19:25:24.457Z"
  }
},
{
  "model": "subscriptions.subscriptionplan",
  "pk": 1,
  "fields": {
    "name": "basic",
    "price": "9.99",
    "billing_cycle": "monthly",
    "description": "Basic membership includes unlimited classes plus 10% of all retail purchases."
  }
},
{
  "model": "subscriptions.subscriptionplan",
  "pk": 2,
  "fields": {
    "name": "premium",
    "price": "26.99",
    "billing_cycle": "monthly",
    "description": "Premium membership includes \r\n- Unlimited classes\r\n- x1 Monthly PT session \r\n- 15% off retail items"
  }
},
{
  "model": "subscriptions.subscriptionplan",
  "pk": 3,
  "fields": {
    "name": "vip",
    "price": "37.99",
    "billing_cycle": "monthly",
    "description": "VIP membership includes:\r\n- Unlimited classes\r\n- x2 Monthly PT sessions \r\n- 20% off retail items\r\n- Nutritional food plan tailored to your goals"
  }
},
{
  "model": "subscriptions.usersubscription",
  "pk": 1,
  "fields": {
    "user": 1,
    "plan": 2,
    "start_date": "2026-06-02T13:14:22.190Z",
    "status": "cancelled",
    "cancel_at_period_end": false,
    "end_date": null
  }
},
{
  "model": "subscriptions.usersubscription",
  "pk": 2,
  "fields": {
    "user": 1,
    "plan": 3,
    "start_date": "2026-06-02T21:07:17.490Z",
    "status": "cancelled",
    "cancel_at_period_end": false,
    "end_date": null
  }
},
{
  "model": "subscriptions.usersubscription",
  "pk": 3,
  "fields": {
    "user": 1,
    "plan": 2,
    "start_date": "2026-06-02T22:03:58.787Z",
    "status": "cancelled",
    "cancel_at_period_end": false,
    "end_date": null
  }
},
{
  "model": "subscriptions.usersubscription",
  "pk": 4,
  "fields": {
    "user": 1,
    "plan": 2,
    "start_date": "2026-06-03T11:06:32.546Z",
    "status": "cancelled",
    "cancel_at_period_end": false,
    "end_date": null
  }
},
{
  "model": "subscriptions.usersubscription",
  "pk": 5,
  "fields": {
    "user": 1,
    "plan": 3,
    "start_date": "2026-06-05T13:19:17.351Z",
    "status": "cancelled",
    "cancel_at_period_end": false,
    "end_date": null
  }
},
{
  "model": "subscriptions.usersubscription",
  "pk": 6,
  "fields": {
    "user": 1,
    "plan": 3,
    "start_date": "2026-06-05T13:27:52.186Z",
    "status": "cancelled",
    "cancel_at_period_end": false,
    "end_date": null
  }
},
{
  "model": "subscriptions.usersubscription",
  "pk": 7,
  "fields": {
    "user": 1,
    "plan": 2,
    "start_date": "2026-06-07T10:39:58.223Z",
    "status": "cancelled",
    "cancel_at_period_end": false,
    "end_date": null
  }
},
{
  "model": "subscriptions.usersubscription",
  "pk": 8,
  "fields": {
    "user": 1,
    "plan": 3,
    "start_date": "2026-06-07T12:45:42.404Z",
    "status": "cancelled",
    "cancel_at_period_end": false,
    "end_date": null
  }
},
{
  "model": "subscriptions.usersubscription",
  "pk": 9,
  "fields": {
    "user": 1,
    "plan": 3,
    "start_date": "2026-06-07T19:18:15.896Z",
    "status": "cancelled",
    "cancel_at_period_end": false,
    "end_date": null
  }
},
{
  "model": "subscriptions.usersubscription",
  "pk": 10,
  "fields": {
    "user": 1,
    "plan": 3,
    "start_date": "2026-06-07T19:21:42.232Z",
    "status": "cancelled",
    "cancel_at_period_end": false,
    "end_date": null
  }
}
]
