[
{
  "model": "sessions.session",
  "pk": "19vdby5o8iylujwe7abz1nu3iuxwsh3o",
  "fields": {
    "session_data": ".eJxVkMtOxDAMRf_F66rKq3Xokj1fgFDlOOk0wCSjJhWg0fw7E-hmdpbv8bF0r0DMeU91pr2uIdXIVGNO8znUNfsC0-sV_meY4EKlfOXNQwdUYZKIKEZlzNCPymqFtoO9hC3ROdxpzj6m0-GXcHvr4O_L3Jg5NqGEh50j_gipBf6d0in3nFPdousb0h9p6V-yD5_PB_sgWKms92sc0JFF6e2TNEowL1aNOFjhWRm_OGm8QQxOGGNI86BZy0G7hbRTHk1o0hJKaUWE70vcfmASt18OIWNw:1wGNGX:tWV80VLaGMZ0AQa4pJWq1nRILRo9c7pGPtfIj3R2kIY",
    "expire_date": "2026-05-08T20:36:45.043Z"
  }
},
{
  "model": "sessions.session",
  "pk": "965og9gvi6gn96zdctc6et8t6v977bpi",
  "fields": {
    "session_data": ".eJx9kMFuhDAMRP8lZxQlEDBwavsbVYWcxJRoIVmRoN1qtf9esuXCpTfL82Zkz4OhMWHzacAtTeSTM5hc8MNCaQo2sv7zwf5m1rMrxngLq2UFw8R6CQCiaTpQPA_QFIwWdPNOzmFzkXi8OO9pVeLtOwvchGX3bpFWjwv9zz2_Cva6asj84PIBkp12Gs2FfBZwnvOaH9_wF3PIkb-ffvs4XKeoCeO050ANGluQtu2kKoUxY1s2ULfCmlLZUUtlFQBpoZTCytSVqWRd6RErXVpQlEMjxZgrpPvVrT97TaXoGiGev0omefo:1wGWra:REzVdvpJaMP0ueb_vaZRGtOHF07Mwaxkh7no2Xm9nvA",
    "expire_date": "2026-05-09T06:51:38.238Z"
  }
},
{
  "model": "sessions.session",
  "pk": "9a5rbqgxv69omi06zj35mteoy6cr2vlq",
  "fields": {
    "session_data": ".eJx9UE1vhCAQ_S-cDQEcF_XU9m80jRlgrGQVNoJpm83-98rWi5feJu8r896dobVxC3nALU8UsreYfQzDQnmKLrH-_c7-btazG6b0FVfHKoaZ9VLrpm2EBOBSd1JAxWhBP-_KOW4-EU9XHwKtIF4-C8FtXHbvlmgNuND_usdHxZ5fDUU_-PKAZCfMoL1SKATOc4H50YY_NQed-Oup29vhOkVNmKY9RzfaYKulazsJSlg7tuqytxTOKnCjkeBAazICALC2TW1r2dRmxNoop4FKaKKUyoT0ffPrzz6TEt1FiMcvL-h54w:1wBaYM:bXbSILlfpmwSY1t_RCfFHlisFdek-kw7UxS7kOSZZVQ",
    "expire_date": "2026-04-25T15:47:22.257Z"
  }
},
{
  "model": "sessions.session",
  "pk": "e0hzzzlsrchcuscrfx8hr49axi22gdtf",
  "fields": {
    "session_data": ".eJx9UMlugzAQ_Zc5I2S8xIRT09-oKjTYQ7ECdsRAF0X59-KUC5feRm_TvHcHdC6tcWlxXQaKS3C4hBTbiZYheYbm7Q5_NzRwQ-avNHsoABdoKlsLpZQxstTGWq1kATRhGDfpmNbAVPI1xEizFi8fmShdmjbzyjRHnOh_3eO9gOdbbda3IX9QwQHr0F0pZgLHMcPlXqd8anaay8uh3OvuOkQNyMOWY43tsLaVr8-VlsK5vpYna2rhndS-7yrttbXUCa01KmeUU5VRXY-qk95qyqFMzHlD-r6F-WfbSYrzSYgCGD-pDbFP0PQ4Mj1-AVNmgIc:1wWBsJ:reNU627y7jMwGqM4df_uBionIGkB-v4RmNgccMM7_lI",
    "expire_date": "2026-06-21T11:41:07.366Z"
  }
},
{
  "model": "sessions.session",
  "pk": "gqm22rzgiz3omzp64gv1lg3ailgb83r2",
  "fields": {
    "session_data": ".eJyNkcty3CAQRf-FtUrWAw0aLb33F7hSVAtaEhkGVDziTE3Nv6cly3Zc2WRFwz00l9t3Bkr57JKEnBZ0yShIxjt5xbR4HdnwemfvNRvYCjG--aBZwSCxoRai606iOZ_Lqmt4zwuWIwYHVyRYeW3cfLSv2eNH8fmW9bNxbLjvuFwvRNfUE69grPyFwUyHDRKu4DQkH24ERDO7vLJhAhuxYAG1CaiSzMES-aQWVBef09NHLza4bG3B1sU7_NhsTcDKyxuEOX4eJki4OaJixrhVu0k53iR9ZJfIBtD6KNhCnixSIilkpP1u-SaPZ_6DPNx9kSSpHAINgD7yDdok40wyZFDLf2Nvq44IGTHGbW74ezWU1VA31flUVaRsg5V70EYfQf91NoK6oNsE_RPc7EvlXQpmLDekPNRYvlAG9vlgvzVYIC50W3RihF7Uuj_XvKmUmvrmJLq-0qrhehprrrkQOFacc2hV16q27tpxgnZstODIHn8A667crg:1wA6B0:ALBokuvbAyY_7MUY58vbhSNpAtPNop1yqbe8Zzxyvi0",
    "expire_date": "2026-04-21T13:09:06.311Z"
  }
},
{
  "model": "sessions.session",
  "pk": "j9ybbr8yj27xo7z1o8davv7j43d45enw",
  "fields": {
    "session_data": ".eJxVkMFuwyAMht_F5wjhBAbNcfc9wTRFxpCGbYUqEK1V1Xdf2XLpzfL_-bP034CY85bqRFtdQqqRqcacplOoS_YFxvcb_M8wwplK-cmrhw6owojGIqKV0gh1kNoo7GArYU10Cg-as4_puPsR7h8d_H2ZGjPFJkR42jnir5Ba4D8pHbPgnOoanWiI2NMi3rIP3687-yRYqCyPa6ONI2vQ2wOqXjLPtn8x2krPvfKzQ-WVMcFJpRQNrAceUA9upsH13qjQpCWU0ooIl3NcrzDK-y8AtWNh:1wY3eN:xiGuxglBCIY-1EfjDZz6EzDHs0pV414hFc5JDt145hE",
    "expire_date": "2026-06-26T15:18:27.053Z"
  }
},
{
  "model": "sessions.session",
  "pk": "kuvdpis23krcmwr72qgimrcgd04jers4",
  "fields": {
    "session_data": ".eJx9UMtugzAQ_Jc9I4SNiQmnpr9RVWhtL8UK2BFr-lCUfy9OuXDpbTUvzewd0Nq4htTjmkYKyVtMPoZ-pjRGx9C93eHvhg5uyPwVFwcFYIJOaH0-n5QUTSm0bM-iAJrRT5tyiqtnKvnqQ6BFVS8fmShtnDfvyrQEnOl_3eO9gGerPut7nwsIOGAG7ZVCJnCaMlzua8qnZqe5vBy2ve6uQ9SIPG45utEGWy3ctkbJytqhlSfdtJWzUrnBCOWU1mQqpRTWtqltLZraDFgb6bSiHMrEnF9I3ze__EBXFcD4Sb0PQ4QuLSs9fgGhhX7k:1wSuMA:x_Lx8UioXDsPa6W80xNnQY6b4fucjxfM-FYZ9twCNls",
    "expire_date": "2026-06-12T10:22:22.374Z"
  }
},
{
  "model": "sessions.session",
  "pk": "ng0drym4y8bhnx0uz5ss08tquzrwpef0",
  "fields": {
    "session_data": ".eJxVjDsOwjAQBe_iGlmxvWYNJT1niPZj4wBKpDipEHeHSCmgfTPzXqandan92vLcD2rOxpnD78YkjzxuQO803iYr07jMA9tNsTtt9jppfl529--gUqvfGiMyJXSaTg58J1KSP2JMnYoHLexAATFzBwAUJAYJLgYuFNgrQjbvD82UN5g:1wBHgF:dkv6DfewEJ3P7PbTsy8GuCs22AzEHsNXpb8MTcm7dgk",
    "expire_date": "2026-04-24T19:38:15.574Z"
  }
},
{
  "model": "users.userprofile",
  "pk": 1,
  "fields": {
    "user": 1,
    "default_phone_number": null,
    "default_street_address1": null,
    "default_street_address2": null,
    "default_town_or_city": null,
    "default_postcode": null,
    "default_country": "GB",
    "stripe_customer_id": "cus_UdFL9kOxunqkLW",
    "stripe_subscription_id": "sub_1TfmGN2dKqODld9J3yWuud3P"
  }
},
{
  "model": "users.userprofile",
  "pk": 2,
  "fields": {
    "user": 2,
    "default_phone_number": null,
    "default_street_address1": null,
    "default_street_address2": null,
    "default_town_or_city": null,
    "default_postcode": null,
    "default_country": null,
    "stripe_customer_id": null,
    "stripe_subscription_id": null
  }
},
{
  "model": "products.category",
  "pk": 1,
  "fields": {
    "name": "accessories",
    "friendly_name": "Accessories"
  }
},
{
  "model": "products.category",
  "pk": 2,
  "fields": {
    "name": "t-shirts",
    "friendly_name": "T-Shirts"
  }
},
{
  "model": "products.category",
  "pk": 3,
  "fields": {
    "name": "hoodies",
    "friendly_name": "Hoodies"
  }
},
{
  "model": "products.category",
  "pk": 4,
  "fields": {
    "name": "bags",
    "friendly_name": "Gym Bags"
  }
},
{
  "model": "products.category",
  "pk": 5,
  "fields": {
    "name": "leggings",
    "friendly_name": "Gym Leggings"
  }
},
{
  "model": "products.product",
  "pk": 1,
  "fields": {
    "name": "Resistance Band Light",
    "description": "High quality resistance bands",
    "sizes": "s, m, l, xl",
    "price": "9.99",
    "category": 1,
    "image": "products/accessory_1.jpg"
  }
},
{
  "model": "products.product",
  "pk": 2,
  "fields": {
    "name": "Resistance Band Medium",
    "description": "resistence band",
    "sizes": "s",
    "price": "2.00",
    "category": 2,
    "image": "products/logo2_bqmP0JE.png"
  }
},
{
  "model": "products.product",
  "pk": 5,
  "fields": {
    "name": "Fabric Resistance Band",
    "description": "mulit coloured resistance band",
    "sizes": "xs",
    "price": "14.99",
    "category": 1,
    "image": "products/accessory_1_URnww5L.jpg"
  }
},
{
  "model": "products.product",
  "pk": 6,
  "fields": {
    "name": "Full Set Resistance Bands",
    "description": "black and white",
    "sizes": "xs",
    "price": "24.99",
    "category": 1,
    "image": "products/logo2.png"
  }
},
{
  "model": "products.product",
  "pk": 7,
  "fields": {
    "name": "Men's Training T-Shirt Black",
    "description": "Lightweight lose fitted crew neck",
    "sizes": "l,xl",
    "price": "19.99",
    "category": 2,
    "image": "products/tshirt_1.jpg"
  }
},
{
  "model": "products.product",
  "pk": 8,
  "fields": {
    "name": "Men's Training T-Shirt White",
    "description": "White 100% Cotton T",
    "sizes": "s,m,l,xl",
    "price": "19.99",
    "category": 2,
    "image": "products/tshirt_2.jpg"
  }
},
{
  "model": "products.product",
  "pk": 9,
  "fields": {
    "name": "Women's Crop Gym T-Shirt",
    "description": "Green Sports Jersy",
    "sizes": "s,m,l,xl",
    "price": "17.99",
    "category": 2,
    "image": "products/tshirt_3.jpg"
  }
},
{
  "model": "products.product",
  "pk": 10,
  "fields": {
    "name": "Oversized Gym T-Shirt",
    "description": "",
    "sizes": "",
    "price": "21.99",
    "category": 2,
    "image": "products/tshirt_4.jpg"
  }
},
{
  "model": "products.product",
  "pk": 11,
  "fields": {
    "name": "Breathable Running Tee",
    "description": "Fit tech breathable material",
    "sizes": "s,m,l,xl",
    "price": "18.99",
    "category": 2,
    "image": "products/tshirt_5.jpg"
  }
},
{
  "model": "products.product",
  "pk": 12,
  "fields": {
    "name": "Performance Gym T-Shirt",
    "description": "Unisex active wear",
    "sizes": "s,m,l,xl",
    "price": "22.99",
    "category": 2,
    "image": "products/tshirt_6.jpg"
  }
},
{
  "model": "products.product",
  "pk": 13,
  "fields": {
    "name": "Slim Fit Gym Tee",
    "description": "Slim fit, round neck active wear",
    "sizes": "s,l",
    "price": "20.99",
    "category": 2,
    "image": "products/tshirt_7.jpg"
  }
},
{
  "model": "products.product",
  "pk": 14,
  "fields": {
    "name": "Pullover Gym Hoodie Black",
    "description": "High performance pullover, breathable material.",
    "sizes": "s",
    "price": "39.99",
    "category": 3,
    "image": "products/hoodie_1.jpg"
  }
},
{
  "model": "products.product",
  "pk": 15,
  "fields": {
    "name": "Zip Up Training Hoodie",
    "description": "Athletic style zip up",
    "sizes": "m,l,xl,xxl",
    "price": "44.99",
    "category": 3,
    "image": "products/hoodie_2.jpg"
  }
},
{
  "model": "products.product",
  "pk": 16,
  "fields": {
    "name": "Lightweight Fitness Hoodie",
    "description": "Breathable, lightweight material, water resistant",
    "sizes": "m,xxl",
    "price": "34.99",
    "category": 3,
    "image": "products/hoodie_3.jpg"
  }
},
{
  "model": "products.product",
  "pk": 17,
  "fields": {
    "name": "Oversized Gym Hoodie",
    "description": "Large look comfort style",
    "sizes": "s,m,l,xl, xxl",
    "price": "42.99",
    "category": 3,
    "image": "products/hoodie_4.jpg"
  }
},
{
  "model": "products.product",
  "pk": 18,
  "fields": {
    "name": "Women's Cropped Hoodie",
    "description": "White cropped with draw string",
    "sizes": "m",
    "price": "36.99",
    "category": 3,
    "image": "products/hoodie_5.jpg"
  }
},
{
  "model": "products.product",
  "pk": 19,
  "fields": {
    "name": "Thermal Training Hoodie",
    "description": "Wind breaker with built in base layer technology to maintain core heat.",
    "sizes": "s,m,l,xl",
    "price": "87.99",
    "category": 3,
    "image": "products/hoodie_6.jpg"
  }
},
{
  "model": "products.product",
  "pk": 20,
  "fields": {
    "name": "Athletic Performance Hoodie",
    "description": "Breathable material made from organic source",
    "sizes": "s,m,l,xl",
    "price": "49.99",
    "category": 3,
    "image": "products/hoodie_7.jpg"
  }
},
{
  "model": "products.product",
  "pk": 21,
  "fields": {
    "name": "Minimalist Gym Hoodie",
    "description": "Lightweight, breathable active wear",
    "sizes": "s,m,l",
    "price": "38.99",
    "category": 3,
    "image": "products/hoodie_8.jpg"
  }
},
{
  "model": "products.product",
  "pk": 22,
  "fields": {
    "name": "Classic Fit Hoodie",
    "description": "Navy hoody with frontal pouch",
    "sizes": "s,m,l,xl,xxl",
    "price": "35.99",
    "category": 3,
    "image": "products/hoodie_9.jpg"
  }
},
{
  "model": "products.product",
  "pk": 23,
  "fields": {
    "name": "Compact Gym Bag",
    "description": "Dusky pink gym bag - Medium size",
    "sizes": "",
    "price": "29.99",
    "category": 4,
    "image": "products/bag_1.jpg"
  }
},
{
  "model": "products.product",
  "pk": 24,
  "fields": {
    "name": "Extra Large Duffle Gym Bag",
    "description": "All back water resistant gym",
    "sizes": "",
    "price": "39.99",
    "category": 4,
    "image": "products/bag_2.jpg"
  }
},
{
  "model": "products.product",
  "pk": 25,
  "fields": {
    "name": "Pink Gym Bag",
    "description": "Pink pink to make the boys wink! Waterproof tube bag - One size",
    "sizes": "",
    "price": "34.99",
    "category": 4,
    "image": "products/bag_3.jpg"
  }
},
{
  "model": "products.product",
  "pk": 26,
  "fields": {
    "name": "Multi Compartment Gym Bag",
    "description": "Khaki duffle bag with leather handles and a stylish print - Large size",
    "sizes": "",
    "price": "44.99",
    "category": 4,
    "image": "products/bag_4.jpg"
  }
},
{
  "model": "products.product",
  "pk": 27,
  "fields": {
    "name": "Lightweight Sports Bag",
    "description": "Floral Draw String Bag - One Size",
    "sizes": "-",
    "price": "27.99",
    "category": 4,
    "image": "products/bag_5.jpg"
  }
},
{
  "model": "products.product",
  "pk": 28,
  "fields": {
    "name": "High Waisted Leggings",
    "description": "Black full length training tights",
    "sizes": "s,m,l,xl,xxl",
    "price": "29.99",
    "category": 5,
    "image": "products/leggings_1.jpg"
  }
},
{
  "model": "products.product",
  "pk": 29,
  "fields": {
    "name": "Seamless Gym Leggings",
    "description": "High waisted, breathable material",
    "sizes": "l,xl",
    "price": "32.99",
    "category": 5,
    "image": "products/leggings_2.jpg"
  }
},
{
  "model": "products.product",
  "pk": 30,
  "fields": {
    "name": "Scrunch Bum Leggings",
    "description": "Rouge effect legging to emphasis the buttox",
    "sizes": "s",
    "price": "34.99",
    "category": 5,
    "image": "products/leggings_3.jpg"
  }
},
{
  "model": "products.product",
  "pk": 31,
  "fields": {
    "name": "Compression Training Leggings",
    "description": "Full length Compression tights with a high waist",
    "sizes": "s,m,l",
    "price": "76.99",
    "category": 5,
    "image": "products/leggings_4.jpg"
  }
},
{
  "model": "products.product",
  "pk": 32,
  "fields": {
    "name": "Yoga Flex Leggings",
    "description": "Super comfy yoga pants",
    "sizes": "s,m,l,",
    "price": "28.99",
    "category": 5,
    "image": "products/leggings_5.jpg"
  }
},
{
  "model": "products.product",
  "pk": 33,
  "fields": {
    "name": "Contour Fit Leggings",
    "description": "Rough effect to emphasis buttock",
    "sizes": "s,m,l,xl",
    "price": "31.99",
    "category": 5,
    "image": "products/leggings_6.jpg"
  }
},
{
  "model": "products.product",
  "pk": 34,
  "fields": {
    "name": "Pocket Gym Leggings",
    "description": "Pocket design flexy leggings",
    "sizes": "s,m,l,xl",
    "price": "33.99",
    "category": 5,
    "image": "products/leggings_7.jpg"
  }
},
{
  "model": "products.product",
  "pk": 35,
  "fields": {
    "name": "Performance Running Leggings",
    "description": "Running tights, high waist elasticated band",
    "sizes": "s,m,l,xl,xxl",
    "price": "42.99",
    "category": 5,
    "image": "products/leggings_8.jpg"
  }
},
{
  "model": "products.product",
  "pk": 36,
  "fields": {
    "name": "Soft Stretch Leggings",
    "description": "Soft leggings made for sensitive skin",
    "sizes": "s,m,l,xl",
    "price": "27.99",
    "category": 5,
    "image": "products/leggings_9.jpg"
  }
},
{
  "model": "products.product",
  "pk": 37,
  "fields": {
    "name": "Ribbed Seamless Leggings",
    "description": "Rough effect to enhance bum",
    "sizes": "s,m,l,xl",
    "price": "30.99",
    "category": 5,
    "image": "products/leggings_10.jpg"
  }
},
{
  "model": "products.product",
  "pk": 38,
  "fields": {
    "name": "High Impact Training Leggings",
    "description": "Navy blue mid length leggings",
    "sizes": "s,m,l,xl,xxl",
    "price": "37.99",
    "category": 5,
    "image": "products/leggings_11.jpg"
  }
},
{
  "model": "products.product",
  "pk": 39,
  "fields": {
    "name": "Everyday Active Leggings",
    "description": "high waisted full length leggings",
    "sizes": "s,m,l,xl",
    "price": "26.99",
    "category": 5,
    "image": "products/leggings_12.jpg"
  }
},
{
  "model": "products.product",
  "pk": 40,
  "fields": {
    "name": "Ultra Fit Gym Leggings",
    "description": "",
    "sizes": "",
    "price": "38.99",
    "category": 5,
    "image": "products/leggings_13.jpg"
  }
},
{
  "model": "bookings.classsession",
  "pk": 1,
  "fields": {
    "class_type": "Yoga",
    "trainer": "Sarah",
    "class_date": "2026-04-25",
    "class_time": "08:00:00",
    "duration": 60,
    "capacity": 20,
    "booked_count": 0
  }
},
{
  "model": "bookings.classsession",
  "pk": 2,
  "fields": {
    "class_type": "HIIT",
    "trainer": "James",
    "class_date": "2026-04-25",
    "class_time": "09:00:00",
    "duration": 45,
    "capacity": 20,
    "booked_count": 1
  }
},
{
  "model": "bookings.classsession",
  "pk": 3,
  "fields": {
    "class_type": "Pilates",
    "trainer": "Emma",
    "class_date": "2026-04-25",
    "class_time": "10:00:00",
    "duration": 60,
    "capacity": 20,
    "booked_count": 0
  }
},
{
  "model": "bookings.classsession",
  "pk": 4,
  "fields": {
    "class_type": "Strength",
    "trainer": "Mike",
    "class_date": "2026-04-25",
    "class_time": "11:00:00",
    "duration": 60,
    "capacity": 20,
    "booked_count": 0
  }
},
{
  "model": "bookings.classsession",
  "pk": 5,
  "fields": {
    "class_type": "Core Blast",
    "trainer": "Liam",
    "class_date": "2026-04-25",
    "class_time": "12:00:00",
    "duration": 30,
    "capacity": 20,
    "booked_count": 0
  }
},
{
  "model": "bookings.classsession",
  "pk": 6,
  "fields": {
    "class_type": "LBT",
    "trainer": "Chloe",
    "class_date": "2026-04-25",
    "class_time": "13:00:00",
    "duration": 45,
    "capacity": 20,
    "booked_count": 0
  }
},
{
  "model": "bookings.classsession",
  "pk": 7,
  "fields": {
    "class_type": "Yoga",
    "trainer": "Sarah",
    "class_date": "2026-04-26",
    "class_time": "08:00:00",
    "duration": 60,
    "capacity": 20,
    "booked_count": 0
  }
},
{
  "model": "bookings.classsession",
  "pk": 8,
  "fields": {
    "class_type": "HIIT",
    "trainer": "James",
    "class_date": "2026-04-26",
    "class_time": "09:00:00",
    "duration": 45,
    "capacity": 20,
    "booked_count": 0
  }
},
{
  "model": "bookings.classsession",
  "pk": 9,
  "fields": {
    "class_type": "Pilates",
    "trainer": "Emma",
    "class_date": "2026-04-26",
    "class_time": "10:00:00",
    "duration": 60,
    "capacity": 20,
    "booked_count": 0
  }
},
{
  "model": "bookings.classsession",
  "pk": 10,
  "fields": {
    "class_type": "Strength",
    "trainer": "Mike",
    "class_date": "2026-04-26",
    "class_time": "11:00:00",
    "duration": 60,
    "capacity": 20,
    "booked_count": 0
  }
},
{
  "model": "bookings.classsession",
  "pk": 11,
  "fields": {
    "class_type": "Core Blast",
    "trainer": "Liam",
    "class_date": "2026-04-26",
    "class_time": "12:00:00",
    "duration": 30,
    "capacity": 20,
    "booked_count": 1
  }
},
{
  "model": "bookings.classsession",
  "pk": 12,
  "fields": {
    "class_type": "LBT",
    "trainer": "Chloe",
    "class_date": "2026-04-26",
    "class_time": "13:00:00",
    "duration": 45,
    "capacity": 20,
    "booked_count": 0
  }
},
{
  "model": "bookings.booking",
  "pk": 40,
  "fields": {
    "user": 1,
    "session": 11,
    "booking_status": "booked",
    "created_at": "2026-05-25T18:30:07.233Z"
  }
},
{
  "model": "bookings.booking",
  "pk": 45,
  "fields": {
    "user": 1,
    "session": 2,
    "booking_status": "booked",
    "created_at": "2026-06-10T19:25:24.457Z"
  }
},
{
  "model": "cart.cart",
  "pk": 1,
  "fields": {
    "user": 1,
    "created_at": "2026-03-29T11:26:40.202Z",
    "updated_at": "2026-03-29T11:26:40.202Z"
  }
},
{
  "model": "cart.cartitem",
  "pk": 159,
  "fields": {
    "cart": 1,
    "product": 28,
    "quantity": 2,
    "price": "29.99",
    "size": "l"
  }
},
{
  "model": "subscriptions.subscriptionplan",
  "pk": 1,
  "fields": {
    "name": "basic",
    "price": "9.99",
    "billing_cycle": "monthly",
    "description": "Basic membership includes unlimited classes plus 10% of all retail purchases."
  }
},
{
  "model": "subscriptions.subscriptionplan",
  "pk": 2,
  "fields": {
    "name": "premium",
    "price": "26.99",
    "billing_cycle": "monthly",
    "description": "Premium membership includes \r\n- Unlimited classes\r\n- x1 Monthly PT session \r\n- 15% off retail items"
  }
},
{
  "model": "subscriptions.subscriptionplan",
  "pk": 3,
  "fields": {
    "name": "vip",
    "price": "37.99",
    "billing_cycle": "monthly",
    "description": "VIP membership includes:\r\n- Unlimited classes\r\n- x2 Monthly PT sessions \r\n- 20% off retail items\r\n- Nutritional food plan tailored to your goals"
  }
},
{
  "model": "subscriptions.usersubscription",
  "pk": 1,
  "fields": {
    "user": 1,
    "plan": 2,
    "start_date": "2026-06-02T13:14:22.190Z",
    "status": "cancelled",
    "cancel_at_period_end": false,
    "end_date": null
  }
},
{
  "model": "subscriptions.usersubscription",
  "pk": 2,
  "fields": {
    "user": 1,
    "plan": 3,
    "start_date": "2026-06-02T21:07:17.490Z",
    "status": "cancelled",
    "cancel_at_period_end": false,
    "end_date": null
  }
},
{
  "model": "subscriptions.usersubscription",
  "pk": 3,
  "fields": {
    "user": 1,
    "plan": 2,
    "start_date": "2026-06-02T22:03:58.787Z",
    "status": "cancelled",
    "cancel_at_period_end": false,
    "end_date": null
  }
},
{
  "model": "subscriptions.usersubscription",
  "pk": 4,
  "fields": {
    "user": 1,
    "plan": 2,
    "start_date": "2026-06-03T11:06:32.546Z",
    "status": "cancelled",
    "cancel_at_period_end": false,
    "end_date": null
  }
},
{
  "model": "subscriptions.usersubscription",
  "pk": 5,
  "fields": {
    "user": 1,
    "plan": 3,
    "start_date": "2026-06-05T13:19:17.351Z",
    "status": "cancelled",
    "cancel_at_period_end": false,
    "end_date": null
  }
},
{
  "model": "subscriptions.usersubscription",
  "pk": 6,
  "fields": {
    "user": 1,
    "plan": 3,
    "start_date": "2026-06-05T13:27:52.186Z",
    "status": "cancelled",
    "cancel_at_period_end": false,
    "end_date": null
  }
},
{
  "model": "subscriptions.usersubscription",
  "pk": 7,
  "fields": {
    "user": 1,
    "plan": 2,
    "start_date": "2026-06-07T10:39:58.223Z",
    "status": "cancelled",
    "cancel_at_period_end": false,
    "end_date": null
  }
},
{
  "model": "subscriptions.usersubscription",
  "pk": 8,
  "fields": {
    "user": 1,
    "plan": 3,
    "start_date": "2026-06-07T12:45:42.404Z",
    "status": "cancelled",
    "cancel_at_period_end": false,
    "end_date": null
  }
},
{
  "model": "subscriptions.usersubscription",
  "pk": 9,
  "fields": {
    "user": 1,
    "plan": 3,
    "start_date": "2026-06-07T19:18:15.896Z",
    "status": "cancelled",
    "cancel_at_period_end": false,
    "end_date": null
  }
},
{
  "model": "subscriptions.usersubscription",
  "pk": 10,
  "fields": {
    "user": 1,
    "plan": 3,
    "start_date": "2026-06-07T19:21:42.232Z",
    "status": "cancelled",
    "cancel_at_period_end": false,
    "end_date": null
  }
},
{
  "model": "checkout.order",
  "pk": 1,
  "fields": {
    "user": null,
    "order_number": "749B17BC5ECB42F5B4CA989E54AAEF7F",
    "full_name": "louise skinner",
    "email": "louise.skinner40@gmail.com",
    "phone_number": "07978887667",
    "postcode": "NW4 4QR",
    "town_or_city": "London",
    "street_address1": "11G Sunningfields Road",
    "street_address2": null,
    "country": "United Kingdom",
    "date": "2026-04-21T18:10:51.483Z",
    "delivery_cost": "0.00",
    "order_total": "0.00",
    "grand_total": "0.00",
    "user_profile": null,
    "original_bag": "",
    "stripe_pid": ""
  }
},
{
  "model": "checkout.order",
  "pk": 2,
  "fields": {
    "user": null,
    "order_number": "D07B2E867E194B2AA1C5C2548990704D",
    "full_name": "louise skinner",
    "email": "louise.skinner40@gmail.com",
    "phone_number": "07986556554",
    "postcode": "NW4 4QR",
    "town_or_city": "London",
    "street_address1": "11G Sunningfields Road",
    "street_address2": null,
    "country": "United Kingdom",
    "date": "2026-04-21T18:15:04.191Z",
    "delivery_cost": "0.00",
    "order_total": "0.00",
    "grand_total": "0.00",
    "user_profile": null,
    "original_bag": "",
    "stripe_pid": ""
  }
},
{
  "model": "checkout.order",
  "pk": 3,
  "fields": {
    "user": null,
    "order_number": "DB55A4244703439294A46B2D538709A7",
    "full_name": "louise skinner",
    "email": "louise.skinner40@gmail.com",
    "phone_number": "07943882775",
    "postcode": "NW4 4QR",
    "town_or_city": "London",
    "street_address1": "11G Sunningfields Road",
    "street_address2": null,
    "country": "United Kingdom",
    "date": "2026-04-21T18:18:23.460Z",
    "delivery_cost": "0.00",
    "order_total": "0.00",
    "grand_total": "0.00",
    "user_profile": null,
    "original_bag": "",
    "stripe_pid": ""
  }
},
{
  "model": "checkout.order",
  "pk": 4,
  "fields": {
    "user": null,
    "order_number": "A5D8C03C28E6443788C4E1A8BE525FF9",
    "full_name": "louise skinner",
    "email": "louise.skinner40@gmail.com",
    "phone_number": "07943001227",
    "postcode": "NW4 4QR",
    "town_or_city": "London",
    "street_address1": "11G Sunningfields Road",
    "street_address2": null,
    "country": "United Kingdom",
    "date": "2026-04-21T18:35:41.046Z",
    "delivery_cost": "0.00",
    "order_total": "0.00",
    "grand_total": "0.00",
    "user_profile": null,
    "original_bag": "",
    "stripe_pid": ""
  }
},
{
  "model": "checkout.order",
  "pk": 5,
  "fields": {
    "user": null,
    "order_number": "BBB12AA0458743C1B7D738925C9CDB4A",
    "full_name": "louise skinner",
    "email": "louise.skinner40@gmail.com",
    "phone_number": "07943001227",
    "postcode": "NW4 4QR",
    "town_or_city": "London",
    "street_address1": "11G Sunningfields Road",
    "street_address2": null,
    "country": "United Kingdom",
    "date": "2026-04-21T18:36:28.146Z",
    "delivery_cost": "0.00",
    "order_total": "0.00",
    "grand_total": "0.00",
    "user_profile": null,
    "original_bag": "",
    "stripe_pid": ""
  }
},
{
  "model": "checkout.order",
  "pk": 6,
  "fields": {
    "user": null,
    "order_number": "0C2DB1A866DF470EAF7249786919AE7B",
    "full_name": "louise skinner",
    "email": "louise.skinner40@gmail.com",
    "phone_number": "0997668",
    "postcode": "NW4 4QR",
    "town_or_city": "London",
    "street_address1": "11G Sunningfields Road",
    "street_address2": null,
    "country": "United Kingdom",
    "date": "2026-04-21T18:36:57.550Z",
    "delivery_cost": "0.00",
    "order_total": "0.00",
    "grand_total": "0.00",
    "user_profile": null,
    "original_bag": "",
    "stripe_pid": ""
  }
},
{
  "model": "checkout.order",
  "pk": 7,
  "fields": {
    "user": null,
    "order_number": "80926280E2794E12A8ABB5C623583CEA",
    "full_name": "louise skinner",
    "email": "louise.skinner40@gmail.com",
    "phone_number": "6456546456464",
    "postcode": "NW4 4QR",
    "town_or_city": "London",
    "street_address1": "11G Sunningfields Road",
    "street_address2": null,
    "country": "United Kingdom",
    "date": "2026-04-21T18:38:10.241Z",
    "delivery_cost": "0.00",
    "order_total": "0.00",
    "grand_total": "0.00",
    "user_profile": null,
    "original_bag": "",
    "stripe_pid": ""
  }
},
{
  "model": "checkout.order",
  "pk": 8,
  "fields": {
    "user": null,
    "order_number": "A4007BD6",
    "full_name": "louise skinner",
    "email": "louise.skinner40@gmail.com",
    "phone_number": "08676887474",
    "postcode": "NW4 4QR",
    "town_or_city": "London",
    "street_address1": "11G Sunningfields Road",
    "street_address2": null,
    "country": "United Kingdom",
    "date": "2026-04-21T19:07:54.952Z",
    "delivery_cost": "0.00",
    "order_total": "0.00",
    "grand_total": "0.00",
    "user_profile": null,
    "original_bag": "",
    "stripe_pid": ""
  }
},
{
  "model": "checkout.order",
  "pk": 9,
  "fields": {
    "user": null,
    "order_number": "C152063C",
    "full_name": "louise skinner",
    "email": "louise.skinner40@gmail.com",
    "phone_number": "563533636",
    "postcode": "NW4 4QR",
    "town_or_city": "London",
    "street_address1": "11G Sunningfields Road",
    "street_address2": null,
    "country": "United Kingdom",
    "date": "2026-04-21T19:44:06.076Z",
    "delivery_cost": "0.00",
    "order_total": "0.00",
    "grand_total": "0.00",
    "user_profile": null,
    "original_bag": "",
    "stripe_pid": ""
  }
},
{
  "model": "checkout.order",
  "pk": 10,
  "fields": {
    "user": null,
    "order_number": "8BAF9276",
    "full_name": "louise skinner",
    "email": "louise.skinner40@gmail.com",
    "phone_number": "07987878787",
    "postcode": "NW4 4QR",
    "town_or_city": "London",
    "street_address1": "11G Sunningfields Road",
    "street_address2": null,
    "country": "United Kingdom",
    "date": "2026-04-21T20:16:17.558Z",
    "delivery_cost": "0.00",
    "order_total": "0.00",
    "grand_total": "0.00",
    "user_profile": null,
    "original_bag": "",
    "stripe_pid": ""
  }
},
{
  "model": "checkout.order",
  "pk": 11,
  "fields": {
    "user": null,
    "order_number": "650EAE95",
    "full_name": "louise skinner",
    "email": "louise.skinner40@gmail.com",
    "phone_number": "98787678676",
    "postcode": "NW4 4QR",
    "town_or_city": "London",
    "street_address1": "11G Sunningfields Road",
    "street_address2": null,
    "country": "United Kingdom",
    "date": "2026-04-22T18:48:58.123Z",
    "delivery_cost": "0.00",
    "order_total": "0.00",
    "grand_total": "0.00",
    "user_profile": null,
    "original_bag": "",
    "stripe_pid": ""
  }
},
{
  "model": "checkout.order",
  "pk": 12,
  "fields": {
    "user": null,
    "order_number": "7B38F12D",
    "full_name": "lou",
    "email": "ls@gmail.com",
    "phone_number": "0793483832823",
    "postcode": "n4 444",
    "town_or_city": "london",
    "street_address1": "dkjsaksd",
    "street_address2": "dsassad",
    "country": "uk",
    "date": "2026-05-14T09:53:04.959Z",
    "delivery_cost": "0.00",
    "order_total": "0.00",
    "grand_total": "0.00",
    "user_profile": null,
    "original_bag": "",
    "stripe_pid": ""
  }
},
{
  "model": "checkout.order",
  "pk": 13,
  "fields": {
    "user": null,
    "order_number": "14A915B6",
    "full_name": "lou",
    "email": "ls@gmail.com",
    "phone_number": "4324",
    "postcode": "n5 5bh",
    "town_or_city": "lon",
    "street_address1": "fdsadsf",
    "street_address2": "dffddsaf",
    "country": "sdfs",
    "date": "2026-05-14T10:27:18.443Z",
    "delivery_cost": "0.00",
    "order_total": "0.00",
    "grand_total": "0.00",
    "user_profile": null,
    "original_bag": "",
    "stripe_pid": ""
  }
},
{
  "model": "checkout.order",
  "pk": 14,
  "fields": {
    "user": null,
    "order_number": "E30324F3",
    "full_name": "dfv",
    "email": "ls@gmail.com",
    "phone_number": "dsas",
    "postcode": "adasds",
    "town_or_city": "da",
    "street_address1": "asd",
    "street_address2": "ds",
    "country": "addsa",
    "date": "2026-05-14T10:33:35.516Z",
    "delivery_cost": "0.00",
    "order_total": "0.00",
    "grand_total": "0.00",
    "user_profile": null,
    "original_bag": "",
    "stripe_pid": ""
  }
},
{
  "model": "checkout.order",
  "pk": 15,
  "fields": {
    "user": null,
    "order_number": "3D09501C",
    "full_name": "asdss",
    "email": "ls@gmai.com",
    "phone_number": "0248937844",
    "postcode": "n5 5bh",
    "town_or_city": "asSAS",
    "street_address1": "asdasd",
    "street_address2": "adasd",
    "country": "daasdas",
    "date": "2026-05-14T10:35:40.795Z",
    "delivery_cost": "0.00",
    "order_total": "0.00",
    "grand_total": "0.00",
    "user_profile": null,
    "original_bag": "",
    "stripe_pid": ""
  }
},
{
  "model": "checkout.order",
  "pk": 16,
  "fields": {
    "user": null,
    "order_number": "2BD36D45",
    "full_name": "LOU",
    "email": "LS@gmail.COM",
    "phone_number": "434",
    "postcode": "D",
    "town_or_city": "DSADAS",
    "street_address1": "saf",
    "street_address2": "adad",
    "country": "DD",
    "date": "2026-05-14T12:27:46.558Z",
    "delivery_cost": "0.00",
    "order_total": "93.92",
    "grand_total": "93.92",
    "user_profile": null,
    "original_bag": "",
    "stripe_pid": ""
  }
},
{
  "model": "checkout.order",
  "pk": 17,
  "fields": {
    "user": null,
    "order_number": "87BFB5F3",
    "full_name": "lou",
    "email": "louise.skinner40@gmail.com",
    "phone_number": "07943001227",
    "postcode": "n7 9sb",
    "town_or_city": "london",
    "street_address1": "flat 32 buckmaster house",
    "street_address2": "dcljsd",
    "country": "uk",
    "date": "2026-05-15T10:26:12.159Z",
    "delivery_cost": "0.00",
    "order_total": "39.99",
    "grand_total": "39.99",
    "user_profile": null,
    "original_bag": "",
    "stripe_pid": ""
  }
},
{
  "model": "checkout.order",
  "pk": 18,
  "fields": {
    "user": null,
    "order_number": "3BAF6884",
    "full_name": "liu",
    "email": "ls@gmail.com",
    "phone_number": "07943001227",
    "postcode": "dsasds",
    "town_or_city": "daasd",
    "street_address1": "das",
    "street_address2": null,
    "country": "lou",
    "date": "2026-05-15T16:38:37.957Z",
    "delivery_cost": "0.00",
    "order_total": "0.00",
    "grand_total": "0.00",
    "user_profile": null,
    "original_bag": "",
    "stripe_pid": ""
  }
},
{
  "model": "checkout.order",
  "pk": 19,
  "fields": {
    "user": null,
    "order_number": "BD0638E0",
    "full_name": "lou",
    "email": "ls@gmail.com",
    "phone_number": "07943110228",
    "postcode": "asdasd",
    "town_or_city": "asdasd",
    "street_address1": "asddasd",
    "street_address2": null,
    "country": "asdas",
    "date": "2026-05-15T18:26:15.519Z",
    "delivery_cost": "0.00",
    "order_total": "41.97",
    "grand_total": "41.97",
    "user_profile": null,
    "original_bag": "",
    "stripe_pid": ""
  }
},
{
  "model": "checkout.order",
  "pk": 20,
  "fields": {
    "user": null,
    "order_number": "42ADCE03",
    "full_name": "lou",
    "email": "ls@gmail.com",
    "phone_number": "07932020229",
    "postcode": "dsads",
    "town_or_city": "asdasd",
    "street_address1": "asdasd",
    "street_address2": "asdas",
    "country": "efa",
    "date": "2026-05-15T18:33:53.408Z",
    "delivery_cost": "0.00",
    "order_total": "59.97",
    "grand_total": "59.97",
    "user_profile": null,
    "original_bag": "",
    "stripe_pid": ""
  }
},
{
  "model": "checkout.order",
  "pk": 21,
  "fields": {
    "user": null,
    "order_number": "FB296698",
    "full_name": "louise",
    "email": "ls@gmail.com",
    "phone_number": "07943001227",
    "postcode": "n7",
    "town_or_city": "asdad",
    "street_address1": "asdsa",
    "street_address2": null,
    "country": "JO",
    "date": "2026-05-16T17:11:15.049Z",
    "delivery_cost": "0.00",
    "order_total": "0.00",
    "grand_total": "0.00",
    "user_profile": null,
    "original_bag": "",
    "stripe_pid": ""
  }
},
{
  "model": "checkout.order",
  "pk": 22,
  "fields": {
    "user": null,
    "order_number": "DC06BA48",
    "full_name": "lou",
    "email": "ls@gmail.com",
    "phone_number": "565435435",
    "postcode": null,
    "town_or_city": "t",
    "street_address1": "43535",
    "street_address2": null,
    "country": "AF",
    "date": "2026-05-16T17:14:40.780Z",
    "delivery_cost": "0.00",
    "order_total": "0.00",
    "grand_total": "0.00",
    "user_profile": null,
    "original_bag": "",
    "stripe_pid": ""
  }
},
{
  "model": "checkout.order",
  "pk": 23,
  "fields": {
    "user": null,
    "order_number": "96530466",
    "full_name": "lou",
    "email": "ls@gmail.com",
    "phone_number": "565435435",
    "postcode": null,
    "town_or_city": "t",
    "street_address1": "43535",
    "street_address2": null,
    "country": "AF",
    "date": "2026-05-16T17:17:58.887Z",
    "delivery_cost": "0.00",
    "order_total": "0.00",
    "grand_total": "0.00",
    "user_profile": null,
    "original_bag": "",
    "stripe_pid": ""
  }
},
{
  "model": "checkout.order",
  "pk": 24,
  "fields": {
    "user": null,
    "order_number": "FB8C654F",
    "full_name": "66",
    "email": "ls@gmail.com",
    "phone_number": "sdd",
    "postcode": "dasd",
    "town_or_city": "dsasd",
    "street_address1": "adasdsda",
    "street_address2": null,
    "country": "AF",
    "date": "2026-05-16T17:18:30.490Z",
    "delivery_cost": "0.00",
    "order_total": "0.00",
    "grand_total": "0.00",
    "user_profile": null,
    "original_bag": "",
    "stripe_pid": ""
  }
},
{
  "model": "checkout.order",
  "pk": 25,
  "fields": {
    "user": null,
    "order_number": "18577CA1",
    "full_name": "66",
    "email": "ls@gmail.com",
    "phone_number": "sdd",
    "postcode": "dasd",
    "town_or_city": "dsasd",
    "street_address1": "adasdsda",
    "street_address2": null,
    "country": "AF",
    "date": "2026-05-16T18:20:20.638Z",
    "delivery_cost": "1.40",
    "order_total": "13.99",
    "grand_total": "15.39",
    "user_profile": null,
    "original_bag": "",
    "stripe_pid": ""
  }
},
{
  "model": "checkout.order",
  "pk": 26,
  "fields": {
    "user": null,
    "order_number": "FCE4C6EF",
    "full_name": "lou",
    "email": "ls@gmail.com",
    "phone_number": "942934324",
    "postcode": "cdf",
    "town_or_city": "dasdsad",
    "street_address1": "adasdas",
    "street_address2": null,
    "country": "AX",
    "date": "2026-05-16T19:00:15.654Z",
    "delivery_cost": "2.00",
    "order_total": "19.99",
    "grand_total": "21.99",
    "user_profile": null,
    "original_bag": "",
    "stripe_pid": ""
  }
},
{
  "model": "checkout.order",
  "pk": 27,
  "fields": {
    "user": null,
    "order_number": "7302212C",
    "full_name": "lou",
    "email": "ls@gmail.com",
    "phone_number": "008098",
    "postcode": null,
    "town_or_city": "sdff",
    "street_address1": "dfafas",
    "street_address2": null,
    "country": "BH",
    "date": "2026-05-16T19:08:09.559Z",
    "delivery_cost": "3.50",
    "order_total": "34.99",
    "grand_total": "38.49",
    "user_profile": null,
    "original_bag": "",
    "stripe_pid": ""
  }
},
{
  "model": "checkout.order",
  "pk": 28,
  "fields": {
    "user": null,
    "order_number": "7AB55131",
    "full_name": "louise",
    "email": "louise.skinner40@gmail.com",
    "phone_number": "07943001227",
    "postcode": "n7 9sb",
    "town_or_city": "london",
    "street_address1": "flat 1 thorneycroft house",
    "street_address2": null,
    "country": "AD",
    "date": "2026-05-18T17:15:32.283Z",
    "delivery_cost": "0.00",
    "order_total": "79.98",
    "grand_total": "79.98",
    "user_profile": null,
    "original_bag": "",
    "stripe_pid": ""
  }
},
{
  "model": "checkout.order",
  "pk": 29,
  "fields": {
    "user": null,
    "order_number": "23F4D788",
    "full_name": "louise skinner",
    "email": "louise.skinner40@gmail.com",
    "phone_number": "07943001227",
    "postcode": "n7 9sb",
    "town_or_city": "lonodn",
    "street_address1": "ffADSFASDFDFASF",
    "street_address2": "FDSFDSFS",
    "country": "AF",
    "date": "2026-05-18T17:55:47.218Z",
    "delivery_cost": "0.00",
    "order_total": "36.99",
    "grand_total": "36.99",
    "user_profile": null,
    "original_bag": "",
    "stripe_pid": ""
  }
},
{
  "model": "checkout.order",
  "pk": 30,
  "fields": {
    "user": null,
    "order_number": "B6DCFE6D",
    "full_name": "lou",
    "email": "louise.skinner40@gmail.com",
    "phone_number": "07943001227",
    "postcode": "n7 9sb",
    "town_or_city": "london",
    "street_address1": "afdjwoiaedjf",
    "street_address2": null,
    "country": "BY",
    "date": "2026-05-18T18:01:38.367Z",
    "delivery_cost": "0.00",
    "order_total": "39.98",
    "grand_total": "39.98",
    "user_profile": null,
    "original_bag": "",
    "stripe_pid": ""
  }
},
{
  "model": "checkout.order",
  "pk": 31,
  "fields": {
    "user": null,
    "order_number": "9E2973FF",
    "full_name": "lou",
    "email": "louise.skinner40@gmail.com",
    "phone_number": "07943001227",
    "postcode": "n7 5hg",
    "town_or_city": "london",
    "street_address1": "2 tte rpad",
    "street_address2": null,
    "country": "AX",
    "date": "2026-05-18T18:58:32.713Z",
    "delivery_cost": "1.80",
    "order_total": "17.99",
    "grand_total": "19.79",
    "user_profile": null,
    "original_bag": "",
    "stripe_pid": ""
  }
},
{
  "model": "checkout.order",
  "pk": 32,
  "fields": {
    "user": null,
    "order_number": "32E67F89",
    "full_name": "lou",
    "email": "louise.skinner40@gmail.com",
    "phone_number": "07943001227",
    "postcode": null,
    "town_or_city": "london",
    "street_address1": "23 mastr road",
    "street_address2": null,
    "country": "AF",
    "date": "2026-05-18T19:16:14.691Z",
    "delivery_cost": "1.00",
    "order_total": "9.99",
    "grand_total": "10.99",
    "user_profile": null,
    "original_bag": "",
    "stripe_pid": ""
  }
},
{
  "model": "checkout.order",
  "pk": 33,
  "fields": {
    "user": null,
    "order_number": "5AC3D3F0",
    "full_name": "lug",
    "email": "louise.skinner40@gmail.com",
    "phone_number": "56465464645",
    "postcode": "sdfs",
    "town_or_city": "sdfdsf",
    "street_address1": "sdfsdfs",
    "street_address2": null,
    "country": "AX",
    "date": "2026-05-18T19:20:30.604Z",
    "delivery_cost": "2.00",
    "order_total": "19.99",
    "grand_total": "21.99",
    "user_profile": null,
    "original_bag": "",
    "stripe_pid": ""
  }
},
{
  "model": "checkout.order",
  "pk": 34,
  "fields": {
    "user": null,
    "order_number": "696A8558",
    "full_name": "louise",
    "email": "louise.skinner40@gmail.com",
    "phone_number": "09649565",
    "postcode": "sdfs",
    "town_or_city": "sfdfs",
    "street_address1": "dff",
    "street_address2": null,
    "country": "AX",
    "date": "2026-05-18T19:28:31.751Z",
    "delivery_cost": "0.00",
    "order_total": "104.97",
    "grand_total": "104.97",
    "user_profile": null,
    "original_bag": "",
    "stripe_pid": ""
  }
},
{
  "model": "checkout.order",
  "pk": 35,
  "fields": {
    "user": null,
    "order_number": "B651F8F6",
    "full_name": "wrff",
    "email": "louise.skinner40@gmail.com",
    "phone_number": "45645656",
    "postcode": null,
    "town_or_city": "eser",
    "street_address1": "werw",
    "street_address2": "rew",
    "country": "AX",
    "date": "2026-05-18T19:30:10.253Z",
    "delivery_cost": "1.00",
    "order_total": "9.99",
    "grand_total": "10.99",
    "user_profile": null,
    "original_bag": "",
    "stripe_pid": ""
  }
},
{
  "model": "checkout.order",
  "pk": 36,
  "fields": {
    "user": null,
    "order_number": "13B6572C",
    "full_name": "lou",
    "email": "louise.skinner40@gmail.com",
    "phone_number": "07954333876",
    "postcode": null,
    "town_or_city": "sdfsssadasd",
    "street_address1": "asdadasdsad",
    "street_address2": null,
    "country": "AF",
    "date": "2026-05-18T19:47:27.020Z",
    "delivery_cost": "0.00",
    "order_total": "39.98",
    "grand_total": "39.98",
    "user_profile": null,
    "original_bag": "",
    "stripe_pid": ""
  }
},
{
  "model": "checkout.order",
  "pk": 37,
  "fields": {
    "user": null,
    "order_number": "BF2B0CCF",
    "full_name": "fsdsfsfsd",
    "email": "louise.skinner40@gmail.com",
    "phone_number": "07866886667",
    "postcode": null,
    "town_or_city": "lodfodf",
    "street_address1": "sdffdsf",
    "street_address2": null,
    "country": "BB",
    "date": "2026-05-18T19:50:50.498Z",
    "delivery_cost": "0.00",
    "order_total": "44.99",
    "grand_total": "44.99",
    "user_profile": null,
    "original_bag": "",
    "stripe_pid": ""
  }
},
{
  "model": "checkout.order",
  "pk": 38,
  "fields": {
    "user": null,
    "order_number": "A3F6CC9F",
    "full_name": "xcv`zzv",
    "email": "louise.skinner40@gmail.com",
    "phone_number": "0456853455",
    "postcode": null,
    "town_or_city": "34rewrsf",
    "street_address1": "vcxvzxcvx",
    "street_address2": null,
    "country": "AX",
    "date": "2026-05-18T19:53:41.438Z",
    "delivery_cost": "2.00",
    "order_total": "19.99",
    "grand_total": "21.99",
    "user_profile": null,
    "original_bag": "",
    "stripe_pid": ""
  }
},
{
  "model": "checkout.order",
  "pk": 39,
  "fields": {
    "user": 1,
    "order_number": "406BD962",
    "full_name": "fdsfrfw",
    "email": "louise.skinner40@gmail.com",
    "phone_number": "0456853455",
    "postcode": null,
    "town_or_city": "34rewrsf",
    "street_address1": "vcxvzxcvx",
    "street_address2": null,
    "country": "AX",
    "date": "2026-05-18T20:03:13.948Z",
    "delivery_cost": "0.00",
    "order_total": "35.98",
    "grand_total": "35.98",
    "user_profile": null,
    "original_bag": "",
    "stripe_pid": ""
  }
},
{
  "model": "checkout.order",
  "pk": 40,
  "fields": {
    "user": 1,
    "order_number": "CD91F70E",
    "full_name": "zjcjk`nzx∆vm",
    "email": "louise.skinner40@gmail.com",
    "phone_number": "0456853455",
    "postcode": null,
    "town_or_city": "34rewrsf",
    "street_address1": "vcxvzxcvx",
    "street_address2": null,
    "country": "AX",
    "date": "2026-05-18T20:19:00.553Z",
    "delivery_cost": "3.50",
    "order_total": "34.99",
    "grand_total": "38.49",
    "user_profile": null,
    "original_bag": "",
    "stripe_pid": ""
  }
},
{
  "model": "checkout.order",
  "pk": 41,
  "fields": {
    "user": 1,
    "order_number": "558F4A26",
    "full_name": "xfvcxvcx",
    "email": "louise.skinner40@gmail.com",
    "phone_number": "0456853455",
    "postcode": null,
    "town_or_city": "34rewrsf",
    "street_address1": "vcxvzxcvx",
    "street_address2": null,
    "country": "AX",
    "date": "2026-05-18T20:22:39.707Z",
    "delivery_cost": "3.50",
    "order_total": "34.99",
    "grand_total": "38.49",
    "user_profile": null,
    "original_bag": "",
    "stripe_pid": ""
  }
},
{
  "model": "checkout.order",
  "pk": 42,
  "fields": {
    "user": 1,
    "order_number": "F1556DF6",
    "full_name": "lou",
    "email": "louise.skinner40@gmail.com",
    "phone_number": "0456853455",
    "postcode": null,
    "town_or_city": "34rewrsf",
    "street_address1": "vcxvzxcvx",
    "street_address2": null,
    "country": "AX",
    "date": "2026-05-19T05:39:28.307Z",
    "delivery_cost": "1.80",
    "order_total": "17.99",
    "grand_total": "19.79",
    "user_profile": null,
    "original_bag": "",
    "stripe_pid": ""
  }
},
{
  "model": "checkout.order",
  "pk": 43,
  "fields": {
    "user": 1,
    "order_number": "46558ED0",
    "full_name": "lou",
    "email": "louise.skinner40@gmail.com",
    "phone_number": "0456853455",
    "postcode": null,
    "town_or_city": "34rewrsf",
    "street_address1": "vcxvzxcvx",
    "street_address2": null,
    "country": "AX",
    "date": "2026-05-19T05:43:44.315Z",
    "delivery_cost": "3.30",
    "order_total": "32.99",
    "grand_total": "36.29",
    "user_profile": null,
    "original_bag": "",
    "stripe_pid": ""
  }
},
{
  "model": "checkout.order",
  "pk": 44,
  "fields": {
    "user": 1,
    "order_number": "222F5DDE",
    "full_name": "lou",
    "email": "louise.skinner40@gmail.com",
    "phone_number": "0456853455",
    "postcode": null,
    "town_or_city": "34rewrsf",
    "street_address1": "vcxvzxcvx",
    "street_address2": null,
    "country": "AX",
    "date": "2026-05-19T10:58:27.568Z",
    "delivery_cost": "1.20",
    "order_total": "11.99",
    "grand_total": "13.19",
    "user_profile": null,
    "original_bag": "",
    "stripe_pid": ""
  }
},
{
  "model": "checkout.order",
  "pk": 45,
  "fields": {
    "user": 1,
    "order_number": "4784471D",
    "full_name": "lou",
    "email": "louise.skinner40@gmail.com",
    "phone_number": "0456853455",
    "postcode": null,
    "town_or_city": "34rewrsf",
    "street_address1": "vcxvzxcvx",
    "street_address2": null,
    "country": "AX",
    "date": "2026-05-19T11:10:32.274Z",
    "delivery_cost": "2.00",
    "order_total": "19.99",
    "grand_total": "21.99",
    "user_profile": null,
    "original_bag": "",
    "stripe_pid": ""
  }
},
{
  "model": "checkout.order",
  "pk": 46,
  "fields": {
    "user": 1,
    "order_number": "71A6670E",
    "full_name": "lou",
    "email": "louise.skinner40@gmail.com",
    "phone_number": "0456853455",
    "postcode": null,
    "town_or_city": "34rewrsf",
    "street_address1": "vcxvzxcvx",
    "street_address2": null,
    "country": "AX",
    "date": "2026-05-19T11:15:08.183Z",
    "delivery_cost": "0.00",
    "order_total": "209.94",
    "grand_total": "209.94",
    "user_profile": null,
    "original_bag": "",
    "stripe_pid": ""
  }
},
{
  "model": "checkout.order",
  "pk": 47,
  "fields": {
    "user": 1,
    "order_number": "7644A4C6",
    "full_name": "lou",
    "email": "louise.skinner40@gmail.com",
    "phone_number": "0456853455",
    "postcode": null,
    "town_or_city": "34rewrsf",
    "street_address1": "vcxvzxcvx",
    "street_address2": null,
    "country": "AX",
    "date": "2026-05-19T18:21:17.765Z",
    "delivery_cost": "0.00",
    "order_total": "126.95",
    "grand_total": "126.95",
    "user_profile": null,
    "original_bag": "",
    "stripe_pid": ""
  }
},
{
  "model": "checkout.order",
  "pk": 48,
  "fields": {
    "user": 1,
    "order_number": "12E86EB5",
    "full_name": "lou",
    "email": "louise.skinner40@gmail.com",
    "phone_number": "0456853455",
    "postcode": null,
    "town_or_city": "34rewrsf",
    "street_address1": "vcxvzxcvx",
    "street_address2": null,
    "country": "AX",
    "date": "2026-05-19T20:34:44.099Z",
    "delivery_cost": "1.20",
    "order_total": "11.99",
    "grand_total": "13.19",
    "user_profile": null,
    "original_bag": "",
    "stripe_pid": ""
  }
},
{
  "model": "checkout.order",
  "pk": 49,
  "fields": {
    "user": 1,
    "order_number": "04F4570D",
    "full_name": "lou",
    "email": "louise.skinner40@gmail.com",
    "phone_number": "0456853455",
    "postcode": null,
    "town_or_city": "34rewrsf",
    "street_address1": "vcxvzxcvx",
    "street_address2": null,
    "country": "AX",
    "date": "2026-05-19T20:41:06.512Z",
    "delivery_cost": "1.80",
    "order_total": "17.99",
    "grand_total": "19.79",
    "user_profile": null,
    "original_bag": "",
    "stripe_pid": ""
  }
},
{
  "model": "checkout.order",
  "pk": 50,
  "fields": {
    "user": 1,
    "order_number": "BB7DE3BD",
    "full_name": "lou",
    "email": "louise.skinner40@gmail.com",
    "phone_number": "0456853455",
    "postcode": null,
    "town_or_city": "34rewrsf",
    "street_address1": "vcxvzxcvx",
    "street_address2": null,
    "country": "AX",
    "date": "2026-05-19T20:50:44.210Z",
    "delivery_cost": "3.30",
    "order_total": "32.99",
    "grand_total": "36.29",
    "user_profile": null,
    "original_bag": "",
    "stripe_pid": ""
  }
},
{
  "model": "checkout.order",
  "pk": 51,
  "fields": {
    "user": 1,
    "order_number": "E008B114",
    "full_name": "lou",
    "email": "louise.skinner40@gmail.com",
    "phone_number": "0456853455",
    "postcode": null,
    "town_or_city": "34rewrsf",
    "street_address1": "vcxvzxcvx",
    "street_address2": null,
    "country": "AX",
    "date": "2026-05-19T20:52:45.824Z",
    "delivery_cost": "1.80",
    "order_total": "17.99",
    "grand_total": "19.79",
    "user_profile": null,
    "original_bag": "",
    "stripe_pid": ""
  }
},
{
  "model": "checkout.order",
  "pk": 52,
  "fields": {
    "user": 1,
    "order_number": "CBF25BF4",
    "full_name": "louise skinner",
    "email": "louise.skinner40@gmail.com",
    "phone_number": "0456853455",
    "postcode": "NW4 4QR",
    "town_or_city": "34rewrsf",
    "street_address1": "vcxvzxcvx",
    "street_address2": null,
    "country": "GB",
    "date": "2026-05-29T10:22:22.194Z",
    "delivery_cost": "0.00",
    "order_total": "46.99",
    "grand_total": "46.99",
    "user_profile": null,
    "original_bag": "",
    "stripe_pid": ""
  }
},
{
  "model": "checkout.order",
  "pk": 53,
  "fields": {
    "user": 1,
    "order_number": "40C830E4",
    "full_name": "lsfjslkdas",
    "email": "louise.skinner40@gmail.com",
    "phone_number": "0456853455",
    "postcode": "NW4 4QR",
    "town_or_city": "34rewrsf",
    "street_address1": "vcxvzxcvx",
    "street_address2": null,
    "country": "GB",
    "date": "2026-05-29T10:40:09.451Z",
    "delivery_cost": "3.50",
    "order_total": "34.99",
    "grand_total": "38.49",
    "user_profile": null,
    "original_bag": "",
    "stripe_pid": ""
  }
},
{
  "model": "checkout.order",
  "pk": 54,
  "fields": {
    "user": 1,
    "order_number": "1F4B1314",
    "full_name": "dfafdafafd",
    "email": "louise.skinner40@gmail.com",
    "phone_number": "0456853455",
    "postcode": "NW4 4QR",
    "town_or_city": "34rewrsf",
    "street_address1": "vcxvzxcvx",
    "street_address2": null,
    "country": "GB",
    "date": "2026-05-29T10:48:06.352Z",
    "delivery_cost": "0.00",
    "order_total": "39.99",
    "grand_total": "39.99",
    "user_profile": null,
    "original_bag": "",
    "stripe_pid": ""
  }
},
{
  "model": "checkout.order",
  "pk": 55,
  "fields": {
    "user": 1,
    "order_number": "06F07AF8",
    "full_name": "98",
    "email": "louise.skinner40@gmail.com",
    "phone_number": "0456853455",
    "postcode": "NW4 4QR",
    "town_or_city": "34rewrsf",
    "street_address1": "vcxvzxcvx",
    "street_address2": null,
    "country": "GB",
    "date": "2026-05-29T13:33:50.272Z",
    "delivery_cost": "3.50",
    "order_total": "34.99",
    "grand_total": "38.49",
    "user_profile": null,
    "original_bag": "",
    "stripe_pid": ""
  }
},
{
  "model": "checkout.order",
  "pk": 56,
  "fields": {
    "user": 1,
    "order_number": "DE9B7B69",
    "full_name": "ertrt",
    "email": "louise.skinner40@gmail.com",
    "phone_number": "0456853455",
    "postcode": "NW4 4QR",
    "town_or_city": "34rewrsf",
    "street_address1": "vcxvzxcvx",
    "street_address2": null,
    "country": "GB",
    "date": "2026-05-29T13:35:44.163Z",
    "delivery_cost": "0.00",
    "order_total": "98.97",
    "grand_total": "98.97",
    "user_profile": null,
    "original_bag": "",
    "stripe_pid": ""
  }
},
{
  "model": "checkout.order",
  "pk": 57,
  "fields": {
    "user": 1,
    "order_number": "23FBE9C7",
    "full_name": "zdfadadas",
    "email": "louise.skinner40@gmail.com",
    "phone_number": "0456853455",
    "postcode": "NW4 4QR",
    "town_or_city": "34rewrsf",
    "street_address1": "vcxvzxcvx",
    "street_address2": null,
    "country": "GB",
    "date": "2026-05-31T20:40:34.995Z",
    "delivery_cost": "2.00",
    "order_total": "19.99",
    "grand_total": "21.99",
    "user_profile": null,
    "original_bag": "",
    "stripe_pid": ""
  }
},
{
  "model": "checkout.order",
  "pk": 58,
  "fields": {
    "user": 1,
    "order_number": "98204218",
    "full_name": "9898",
    "email": "louise.skinner40@gmail.com",
    "phone_number": "0456853455",
    "postcode": "NW4 4QR",
    "town_or_city": "34rewrsf",
    "street_address1": "vcxvzxcvx",
    "street_address2": null,
    "country": "GB",
    "date": "2026-05-31T20:47:20.628Z",
    "delivery_cost": "3.50",
    "order_total": "34.99",
    "grand_total": "38.49",
    "user_profile": null,
    "original_bag": "",
    "stripe_pid": ""
  }
},
{
  "model": "checkout.order",
  "pk": 59,
  "fields": {
    "user": 1,
    "order_number": "7D2764EE",
    "full_name": "wrq34345wr",
    "email": "louise.skinner40@gmail.com",
    "phone_number": "0456853455",
    "postcode": "NW4 4QR",
    "town_or_city": "34rewrsf",
    "street_address1": "vcxvzxcvx",
    "street_address2": null,
    "country": "GB",
    "date": "2026-05-31T20:48:25.753Z",
    "delivery_cost": "2.50",
    "order_total": "24.99",
    "grand_total": "27.49",
    "user_profile": null,
    "original_bag": "",
    "stripe_pid": ""
  }
},
{
  "model": "checkout.order",
  "pk": 60,
  "fields": {
    "user": 1,
    "order_number": "D114BE8E",
    "full_name": "352353453",
    "email": "louise.skinner40@gmail.com",
    "phone_number": "0456853455",
    "postcode": "NW4 4QR",
    "town_or_city": "34rewrsf",
    "street_address1": "vcxvzxcvx",
    "street_address2": null,
    "country": "GB",
    "date": "2026-05-31T20:49:16.287Z",
    "delivery_cost": "0.00",
    "order_total": "44.99",
    "grand_total": "44.99",
    "user_profile": null,
    "original_bag": "",
    "stripe_pid": ""
  }
},
{
  "model": "checkout.order",
  "pk": 61,
  "fields": {
    "user": 1,
    "order_number": "E84150B9",
    "full_name": "jhkhjk",
    "email": "louise.skinner40@gmail.com",
    "phone_number": "0456853455",
    "postcode": "NW4 4QR",
    "town_or_city": "34rewrsf",
    "street_address1": "vcxvzxcvx",
    "street_address2": null,
    "country": "GB",
    "date": "2026-05-31T20:51:05.202Z",
    "delivery_cost": "2.00",
    "order_total": "19.99",
    "grand_total": "21.99",
    "user_profile": null,
    "original_bag": "",
    "stripe_pid": ""
  }
},
{
  "model": "checkout.order",
  "pk": 62,
  "fields": {
    "user": 1,
    "order_number": "C53259F9",
    "full_name": "lou",
    "email": "louise.skinner40@gmail.com",
    "phone_number": "0456853455",
    "postcode": "NW4 4QR",
    "town_or_city": "34rewrsf",
    "street_address1": "vcxvzxcvx",
    "street_address2": null,
    "country": "GB",
    "date": "2026-06-01T11:13:49.135Z",
    "delivery_cost": "3.50",
    "order_total": "34.99",
    "grand_total": "38.49",
    "user_profile": null,
    "original_bag": "",
    "stripe_pid": ""
  }
},
{
  "model": "checkout.order",
  "pk": 63,
  "fields": {
    "user": 1,
    "order_number": "8A5E6EF3",
    "full_name": "lou",
    "email": "louise.skinner40@gmail.com",
    "phone_number": "0456853455",
    "postcode": "NW4 4QR",
    "town_or_city": "34rewrsf",
    "street_address1": "vcxvzxcvx",
    "street_address2": null,
    "country": "GB",
    "date": "2026-06-01T11:17:53.825Z",
    "delivery_cost": "3.50",
    "order_total": "34.99",
    "grand_total": "38.49",
    "user_profile": null,
    "original_bag": "",
    "stripe_pid": ""
  }
},
{
  "model": "checkout.order",
  "pk": 64,
  "fields": {
    "user": 1,
    "order_number": "4162A6D2",
    "full_name": "lou",
    "email": "louise.skinner40@gmail.com",
    "phone_number": "0456853455",
    "postcode": "NW4 4QR",
    "town_or_city": "34rewrsf",
    "street_address1": "vcxvzxcvx",
    "street_address2": null,
    "country": "GB",
    "date": "2026-06-01T11:35:35.846Z",
    "delivery_cost": "3.00",
    "order_total": "29.98",
    "grand_total": "32.98",
    "user_profile": null,
    "original_bag": "",
    "stripe_pid": ""
  }
},
{
  "model": "checkout.order",
  "pk": 65,
  "fields": {
    "user": 1,
    "order_number": "7E7DE43B",
    "full_name": "liu",
    "email": "louise.skinner40@gmail.com",
    "phone_number": "0456853455",
    "postcode": "NW4 4QR",
    "town_or_city": "34rewrsf",
    "street_address1": "vcxvzxcvx",
    "street_address2": null,
    "country": "GB",
    "date": "2026-06-01T11:51:26.698Z",
    "delivery_cost": "3.50",
    "order_total": "34.99",
    "grand_total": "38.49",
    "user_profile": null,
    "original_bag": "",
    "stripe_pid": ""
  }
},
{
  "model": "checkout.order",
  "pk": 66,
  "fields": {
    "user": 1,
    "order_number": "F6B3AA68",
    "full_name": "lou",
    "email": "louise.skinner40@gmail.com",
    "phone_number": "0456853455",
    "postcode": "NW4 4QR",
    "town_or_city": "34rewrsf",
    "street_address1": "vcxvzxcvx",
    "street_address2": null,
    "country": "GB",
    "date": "2026-06-01T11:53:19.668Z",
    "delivery_cost": "0.00",
    "order_total": "65.98",
    "grand_total": "65.98",
    "user_profile": null,
    "original_bag": "",
    "stripe_pid": ""
  }
},
{
  "model": "checkout.order",
  "pk": 67,
  "fields": {
    "user": 1,
    "order_number": "FEE37A53",
    "full_name": "lou",
    "email": "louise.skinner40@gmail.com",
    "phone_number": "0456853455",
    "postcode": "NW4 4QR",
    "town_or_city": "34rewrsf",
    "street_address1": "vcxvzxcvx",
    "street_address2": null,
    "country": "GB",
    "date": "2026-06-01T12:04:22.606Z",
    "delivery_cost": "3.50",
    "order_total": "34.99",
    "grand_total": "38.49",
    "user_profile": null,
    "original_bag": "",
    "stripe_pid": ""
  }
},
{
  "model": "checkout.order",
  "pk": 68,
  "fields": {
    "user": 1,
    "order_number": "8F4F2EDE",
    "full_name": "lou",
    "email": "louise.skinner40@gmail.com",
    "phone_number": "0456853455",
    "postcode": "NW4 4QR",
    "town_or_city": "34rewrsf",
    "street_address1": "vcxvzxcvx",
    "street_address2": null,
    "country": "GB",
    "date": "2026-06-01T17:06:38.099Z",
    "delivery_cost": "2.00",
    "order_total": "19.99",
    "grand_total": "21.99",
    "user_profile": null,
    "original_bag": "",
    "stripe_pid": ""
  }
},
{
  "model": "checkout.order",
  "pk": 69,
  "fields": {
    "user": 1,
    "order_number": "2A00A608",
    "full_name": "lou",
    "email": "louise.skinner40@gmail.com",
    "phone_number": "0456853455",
    "postcode": "NW4 4QR",
    "town_or_city": "34rewrsf",
    "street_address1": "vcxvzxcvx",
    "street_address2": null,
    "country": "GB",
    "date": "2026-06-01T17:21:20.584Z",
    "delivery_cost": "3.50",
    "order_total": "34.99",
    "grand_total": "38.49",
    "user_profile": null,
    "original_bag": "",
    "stripe_pid": ""
  }
},
{
  "model": "checkout.order",
  "pk": 70,
  "fields": {
    "user": 1,
    "order_number": "5D065A6C",
    "full_name": "lou",
    "email": "louise.skinner40@gmail.com",
    "phone_number": "0456853455",
    "postcode": "NW4 4QR",
    "town_or_city": "34rewrsf",
    "street_address1": "vcxvzxcvx",
    "street_address2": null,
    "country": "GB",
    "date": "2026-06-01T17:28:47.159Z",
    "delivery_cost": "0.00",
    "order_total": "39.98",
    "grand_total": "39.98",
    "user_profile": null,
    "original_bag": "",
    "stripe_pid": ""
  }
},
{
  "model": "checkout.order",
  "pk": 71,
  "fields": {
    "user": 1,
    "order_number": "8DE75BAB",
    "full_name": "lou",
    "email": "louise.skinner40@gmail.com",
    "phone_number": "0456853455",
    "postcode": "NW4 4QR",
    "town_or_city": "34rewrsf",
    "street_address1": "vcxvzxcvx",
    "street_address2": null,
    "country": "GB",
    "date": "2026-06-01T19:17:57.751Z",
    "delivery_cost": "3.50",
    "order_total": "34.99",
    "grand_total": "38.49",
    "user_profile": null,
    "original_bag": "",
    "stripe_pid": ""
  }
},
{
  "model": "checkout.order",
  "pk": 72,
  "fields": {
    "user": 1,
    "order_number": "13892369",
    "full_name": "lou",
    "email": "louise.skinner40@gmail.com",
    "phone_number": "0456853455",
    "postcode": "NW4 4QR",
    "town_or_city": "34rewrsf",
    "street_address1": "vcxvzxcvx",
    "street_address2": null,
    "country": "GB",
    "date": "2026-06-01T19:27:47.592Z",
    "delivery_cost": "3.50",
    "order_total": "34.99",
    "grand_total": "38.49",
    "user_profile": null,
    "original_bag": "",
    "stripe_pid": ""
  }
},
{
  "model": "checkout.order",
  "pk": 73,
  "fields": {
    "user": 1,
    "order_number": "630479E3",
    "full_name": "lou",
    "email": "louise.skinner40@gmail.com",
    "phone_number": "0456853455",
    "postcode": "NW4 4QR",
    "town_or_city": "34rewrsf",
    "street_address1": "vcxvzxcvx",
    "street_address2": null,
    "country": "GB",
    "date": "2026-06-01T19:49:15.873Z",
    "delivery_cost": "3.50",
    "order_total": "34.99",
    "grand_total": "38.49",
    "user_profile": null,
    "original_bag": "",
    "stripe_pid": ""
  }
},
{
  "model": "checkout.order",
  "pk": 74,
  "fields": {
    "user": 1,
    "order_number": "A37DCBCE",
    "full_name": "lou",
    "email": "louise.skinner40@gmail.com",
    "phone_number": "0456853455",
    "postcode": "NW4 4QR",
    "town_or_city": "34rewrsf",
    "street_address1": "vcxvzxcvx",
    "street_address2": null,
    "country": "GB",
    "date": "2026-06-01T19:52:10.280Z",
    "delivery_cost": "0.00",
    "order_total": "69.98",
    "grand_total": "69.98",
    "user_profile": null,
    "original_bag": "",
    "stripe_pid": ""
  }
},
{
  "model": "checkout.order",
  "pk": 75,
  "fields": {
    "user": 1,
    "order_number": "3821E8F2",
    "full_name": "lou",
    "email": "louise.skinner40@gmail.com",
    "phone_number": "0456853455",
    "postcode": "NW4 4QR",
    "town_or_city": "34rewrsf",
    "street_address1": "vcxvzxcvx",
    "street_address2": null,
    "country": "GB",
    "date": "2026-06-01T19:59:50.047Z",
    "delivery_cost": "0.00",
    "order_total": "69.98",
    "grand_total": "69.98",
    "user_profile": null,
    "original_bag": "",
    "stripe_pid": ""
  }
},
{
  "model": "checkout.order",
  "pk": 76,
  "fields": {
    "user": 1,
    "order_number": "A244E136",
    "full_name": "lou",
    "email": "louise.skinner40@gmail.com",
    "phone_number": "0456853455",
    "postcode": "NW4 4QR",
    "town_or_city": "34rewrsf",
    "street_address1": "vcxvzxcvx",
    "street_address2": null,
    "country": "GB",
    "date": "2026-06-01T20:07:05.744Z",
    "delivery_cost": "0.00",
    "order_total": "134.97",
    "grand_total": "134.97",
    "user_profile": null,
    "original_bag": "",
    "stripe_pid": ""
  }
},
{
  "model": "checkout.order",
  "pk": 77,
  "fields": {
    "user": 1,
    "order_number": "9DF1EAE4",
    "full_name": "lou",
    "email": "louise.skinner40@gmail.com",
    "phone_number": "0456853455",
    "postcode": "NW4 4QR",
    "town_or_city": "34rewrsf",
    "street_address1": "vcxvzxcvx",
    "street_address2": null,
    "country": "GB",
    "date": "2026-06-01T20:11:45.961Z",
    "delivery_cost": "2.00",
    "order_total": "19.99",
    "grand_total": "21.99",
    "user_profile": null,
    "original_bag": "",
    "stripe_pid": ""
  }
},
{
  "model": "checkout.order",
  "pk": 78,
  "fields": {
    "user": 1,
    "order_number": "3193997F",
    "full_name": "lou",
    "email": "louise.skinner40@gmail.com",
    "phone_number": "0456853455",
    "postcode": "NW4 4QR",
    "town_or_city": "34rewrsf",
    "street_address1": "vcxvzxcvx",
    "street_address2": null,
    "country": "GB",
    "date": "2026-06-01T20:25:27.883Z",
    "delivery_cost": "2.00",
    "order_total": "19.99",
    "grand_total": "21.99",
    "user_profile": null,
    "original_bag": "",
    "stripe_pid": ""
  }
},
{
  "model": "checkout.order",
  "pk": 79,
  "fields": {
    "user": 1,
    "order_number": "9BC5CA95",
    "full_name": "lou",
    "email": "louise.skinner40@gmail.com",
    "phone_number": "0456853455",
    "postcode": "NW4 4QR",
    "town_or_city": "34rewrsf",
    "street_address1": "vcxvzxcvx",
    "street_address2": null,
    "country": "GB",
    "date": "2026-06-01T20:40:47.894Z",
    "delivery_cost": "0.00",
    "order_total": "44.99",
    "grand_total": "44.99",
    "user_profile": null,
    "original_bag": "",
    "stripe_pid": ""
  }
},
{
  "model": "checkout.order",
  "pk": 80,
  "fields": {
    "user": 1,
    "order_number": "51B898BC",
    "full_name": "ou",
    "email": "louise.skinner40@gmail.com",
    "phone_number": "0456853455",
    "postcode": "NW4 4QR",
    "town_or_city": "34rewrsf",
    "street_address1": "vcxvzxcvx",
    "street_address2": null,
    "country": "GB",
    "date": "2026-06-01T20:43:55.020Z",
    "delivery_cost": "2.00",
    "order_total": "19.99",
    "grand_total": "21.99",
    "user_profile": null,
    "original_bag": "",
    "stripe_pid": ""
  }
},
{
  "model": "checkout.order",
  "pk": 81,
  "fields": {
    "user": 1,
    "order_number": "0DD36A7D",
    "full_name": "lou",
    "email": "louise.skinner40@gmail.com",
    "phone_number": "0456853455",
    "postcode": "NW4 4QR",
    "town_or_city": "34rewrsf",
    "street_address1": "vcxvzxcvx",
    "street_address2": null,
    "country": "GB",
    "date": "2026-06-01T20:46:55.517Z",
    "delivery_cost": "2.50",
    "order_total": "24.99",
    "grand_total": "27.49",
    "user_profile": null,
    "original_bag": "",
    "stripe_pid": ""
  }
},
{
  "model": "checkout.order",
  "pk": 82,
  "fields": {
    "user": 1,
    "order_number": "87F3ECB4",
    "full_name": "lou",
    "email": "louise.skinner40@gmail.com",
    "phone_number": "0456853455",
    "postcode": "NW4 4QR",
    "town_or_city": "34rewrsf",
    "street_address1": "vcxvzxcvx",
    "street_address2": null,
    "country": "GB",
    "date": "2026-06-01T20:49:53.684Z",
    "delivery_cost": "2.50",
    "order_total": "24.99",
    "grand_total": "27.49",
    "user_profile": null,
    "original_bag": "",
    "stripe_pid": ""
  }
},
{
  "model": "checkout.order",
  "pk": 83,
  "fields": {
    "user": 1,
    "order_number": "5EFC8092",
    "full_name": "lou",
    "email": "louise.skinner40@gmail.com",
    "phone_number": "0456853455",
    "postcode": "NW4 4QR",
    "town_or_city": "34rewrsf",
    "street_address1": "vcxvzxcvx",
    "street_address2": null,
    "country": "GB",
    "date": "2026-06-01T20:58:19.897Z",
    "delivery_cost": "0.00",
    "order_total": "49.98",
    "grand_total": "49.98",
    "user_profile": null,
    "original_bag": "",
    "stripe_pid": ""
  }
},
{
  "model": "checkout.order",
  "pk": 84,
  "fields": {
    "user": 1,
    "order_number": "2AE3B847",
    "full_name": "lou",
    "email": "louise.skinner40@gmail.com",
    "phone_number": "0456853455",
    "postcode": "NW4 4QR",
    "town_or_city": "34rewrsf",
    "street_address1": "vcxvzxcvx",
    "street_address2": null,
    "country": "GB",
    "date": "2026-06-01T21:00:45.665Z",
    "delivery_cost": "2.50",
    "order_total": "24.99",
    "grand_total": "27.49",
    "user_profile": null,
    "original_bag": "",
    "stripe_pid": ""
  }
},
{
  "model": "checkout.order",
  "pk": 85,
  "fields": {
    "user": 1,
    "order_number": "4F9BCC68",
    "full_name": "lou",
    "email": "louise.skinner40@gmail.com",
    "phone_number": "07943e31",
    "postcode": "22",
    "town_or_city": "dsdsa",
    "street_address1": "asdsadas",
    "street_address2": null,
    "country": "GB",
    "date": "2026-06-01T21:06:13.272Z",
    "delivery_cost": "3.50",
    "order_total": "34.99",
    "grand_total": "38.49",
    "user_profile": null,
    "original_bag": "{\"16\": 1}",
    "stripe_pid": "pi_3Tdd1k2dKqODld9J0HtkPecr"
  }
},
{
  "model": "checkout.order",
  "pk": 86,
  "fields": {
    "user": 1,
    "order_number": "3DD33A12",
    "full_name": "lou",
    "email": "louise.skinner40@gmail.com",
    "phone_number": "07943e31",
    "postcode": "22",
    "town_or_city": "dsdsa",
    "street_address1": "asdsadas",
    "street_address2": null,
    "country": "GB",
    "date": "2026-06-01T21:08:43.569Z",
    "delivery_cost": "2.50",
    "order_total": "24.99",
    "grand_total": "27.49",
    "user_profile": null,
    "original_bag": "{\"6\": 1}",
    "stripe_pid": "pi_3Tdd4Q2dKqODld9J1CXYKOV3"
  }
},
{
  "model": "checkout.order",
  "pk": 87,
  "fields": {
    "user": 1,
    "order_number": "ACBBBF7A",
    "full_name": "lou",
    "email": "louise.skinner40@gmail.com",
    "phone_number": "907070",
    "postcode": "B12 8RD",
    "town_or_city": "london",
    "street_address1": "ffdsf",
    "street_address2": null,
    "country": "GB",
    "date": "2026-06-02T11:26:10.615Z",
    "delivery_cost": "0.00",
    "order_total": "89.98",
    "grand_total": "89.98",
    "user_profile": null,
    "original_bag": "{\"15\": 2}",
    "stripe_pid": "pi_3TdqRr2dKqODld9J0bPH4YEb"
  }
},
{
  "model": "checkout.order",
  "pk": 88,
  "fields": {
    "user": 1,
    "order_number": "54DECF33",
    "full_name": "lou",
    "email": "louise.skinner40@gmail.com",
    "phone_number": "07943001227",
    "postcode": "B12 8RD",
    "town_or_city": "londn",
    "street_address1": "23842314u343",
    "street_address2": null,
    "country": "GB",
    "date": "2026-06-02T11:31:02.410Z",
    "delivery_cost": "0.00",
    "order_total": "39.98",
    "grand_total": "39.98",
    "user_profile": null,
    "original_bag": "{\"7\": 2}",
    "stripe_pid": "pi_3TdqWg2dKqODld9J0J22dQAd"
  }
},
{
  "model": "checkout.order",
  "pk": 89,
  "fields": {
    "user": 1,
    "order_number": "E612AB0C",
    "full_name": "lou",
    "email": "louise.skinner40@gmail.com",
    "phone_number": "07943001227",
    "postcode": "B12 8RD",
    "town_or_city": "londn",
    "street_address1": "23842314u343",
    "street_address2": null,
    "country": "GB",
    "date": "2026-06-02T12:29:11.734Z",
    "delivery_cost": "0.00",
    "order_total": "44.99",
    "grand_total": "44.99",
    "user_profile": null,
    "original_bag": "{\"15\": 1}",
    "stripe_pid": "pi_3TdrR42dKqODld9J0LJWCkcK"
  }
},
{
  "model": "checkout.order",
  "pk": 90,
  "fields": {
    "user": 1,
    "order_number": "5901E9F7",
    "full_name": "lou",
    "email": "louise.skinner40@gmail.com",
    "phone_number": "07943001222",
    "postcode": "B12 8RD",
    "town_or_city": "fasfasf",
    "street_address1": "sadfasdf",
    "street_address2": null,
    "country": "GB",
    "date": "2026-06-07T19:09:53.832Z",
    "delivery_cost": "2.00",
    "order_total": "19.99",
    "grand_total": "21.99",
    "user_profile": null,
    "original_bag": "{\"8\": 1}",
    "stripe_pid": "pi_3Tfm402dKqODld9J054J9J2V"
  }
},
{
  "model": "checkout.orderlineitem",
  "pk": 1,
  "fields": {
    "order": 9,
    "product": 17,
    "product_size": null,
    "quantity": 1,
    "lineitem_total": "42.99"
  }
},
{
  "model": "checkout.orderlineitem",
  "pk": 2,
  "fields": {
    "order": 10,
    "product": 17,
    "product_size": null,
    "quantity": 1,
    "lineitem_total": "42.99"
  }
},
{
  "model": "checkout.orderlineitem",
  "pk": 3,
  "fields": {
    "order": 11,
    "product": 17,
    "product_size": null,
    "quantity": 1,
    "lineitem_total": "42.99"
  }
},
{
  "model": "checkout.orderlineitem",
  "pk": 4,
  "fields": {
    "order": 11,
    "product": 1,
    "product_size": null,
    "quantity": 1,
    "lineitem_total": "9.99"
  }
},
{
  "model": "checkout.orderlineitem",
  "pk": 5,
  "fields": {
    "order": 12,
    "product": 17,
    "product_size": null,
    "quantity": 1,
    "lineitem_total": "42.99"
  }
},
{
  "model": "checkout.orderlineitem",
  "pk": 6,
  "fields": {
    "order": 12,
    "product": 1,
    "product_size": null,
    "quantity": 1,
    "lineitem_total": "9.99"
  }
},
{
  "model": "checkout.orderlineitem",
  "pk": 7,
  "fields": {
    "order": 13,
    "product": 17,
    "product_size": null,
    "quantity": 1,
    "lineitem_total": "42.99"
  }
},
{
  "model": "checkout.orderlineitem",
  "pk": 8,
  "fields": {
    "order": 13,
    "product": 1,
    "product_size": null,
    "quantity": 1,
    "lineitem_total": "9.99"
  }
},
{
  "model": "checkout.orderlineitem",
  "pk": 9,
  "fields": {
    "order": 13,
    "product": 2,
    "product_size": null,
    "quantity": 7,
    "lineitem_total": "83.93"
  }
},
{
  "model": "checkout.orderlineitem",
  "pk": 10,
  "fields": {
    "order": 14,
    "product": 1,
    "product_size": null,
    "quantity": 1,
    "lineitem_total": "9.99"
  }
},
{
  "model": "checkout.orderlineitem",
  "pk": 11,
  "fields": {
    "order": 14,
    "product": 2,
    "product_size": null,
    "quantity": 7,
    "lineitem_total": "83.93"
  }
},
{
  "model": "checkout.orderlineitem",
  "pk": 12,
  "fields": {
    "order": 15,
    "product": 1,
    "product_size": null,
    "quantity": 1,
    "lineitem_total": "9.99"
  }
},
{
  "model": "checkout.orderlineitem",
  "pk": 13,
  "fields": {
    "order": 15,
    "product": 2,
    "product_size": null,
    "quantity": 7,
    "lineitem_total": "83.93"
  }
},
{
  "model": "checkout.orderlineitem",
  "pk": 14,
  "fields": {
    "order": 16,
    "product": 1,
    "product_size": null,
    "quantity": 1,
    "lineitem_total": "9.99"
  }
},
{
  "model": "checkout.orderlineitem",
  "pk": 15,
  "fields": {
    "order": 16,
    "product": 2,
    "product_size": null,
    "quantity": 7,
    "lineitem_total": "83.93"
  }
},
{
  "model": "checkout.orderlineitem",
  "pk": 16,
  "fields": {
    "order": 17,
    "product": 14,
    "product_size": null,
    "quantity": 1,
    "lineitem_total": "39.99"
  }
},
{
  "model": "checkout.orderlineitem",
  "pk": 19,
  "fields": {
    "order": 20,
    "product": 8,
    "product_size": null,
    "quantity": 3,
    "lineitem_total": "59.97"
  }
},
{
  "model": "checkout.orderlineitem",
  "pk": 24,
  "fields": {
    "order": 26,
    "product": 8,
    "product_size": null,
    "quantity": 1,
    "lineitem_total": "19.99"
  }
},
{
  "model": "checkout.orderlineitem",
  "pk": 25,
  "fields": {
    "order": 27,
    "product": 16,
    "product_size": null,
    "quantity": 1,
    "lineitem_total": "34.99"
  }
},
{
  "model": "checkout.orderlineitem",
  "pk": 26,
  "fields": {
    "order": 28,
    "product": 14,
    "product_size": null,
    "quantity": 2,
    "lineitem_total": "79.98"
  }
},
{
  "model": "checkout.orderlineitem",
  "pk": 27,
  "fields": {
    "order": 29,
    "product": 18,
    "product_size": null,
    "quantity": 1,
    "lineitem_total": "36.99"
  }
},
{
  "model": "checkout.orderlineitem",
  "pk": 28,
  "fields": {
    "order": 30,
    "product": 8,
    "product_size": null,
    "quantity": 2,
    "lineitem_total": "39.98"
  }
},
{
  "model": "checkout.orderlineitem",
  "pk": 29,
  "fields": {
    "order": 31,
    "product": 9,
    "product_size": null,
    "quantity": 1,
    "lineitem_total": "17.99"
  }
},
{
  "model": "checkout.orderlineitem",
  "pk": 30,
  "fields": {
    "order": 32,
    "product": 1,
    "product_size": null,
    "quantity": 1,
    "lineitem_total": "9.99"
  }
},
{
  "model": "checkout.orderlineitem",
  "pk": 31,
  "fields": {
    "order": 33,
    "product": 8,
    "product_size": null,
    "quantity": 1,
    "lineitem_total": "19.99"
  }
},
{
  "model": "checkout.orderlineitem",
  "pk": 32,
  "fields": {
    "order": 34,
    "product": 16,
    "product_size": null,
    "quantity": 3,
    "lineitem_total": "104.97"
  }
},
{
  "model": "checkout.orderlineitem",
  "pk": 33,
  "fields": {
    "order": 35,
    "product": 1,
    "product_size": null,
    "quantity": 1,
    "lineitem_total": "9.99"
  }
},
{
  "model": "checkout.orderlineitem",
  "pk": 34,
  "fields": {
    "order": 36,
    "product": 8,
    "product_size": null,
    "quantity": 2,
    "lineitem_total": "39.98"
  }
},
{
  "model": "checkout.orderlineitem",
  "pk": 35,
  "fields": {
    "order": 37,
    "product": 15,
    "product_size": null,
    "quantity": 1,
    "lineitem_total": "44.99"
  }
},
{
  "model": "checkout.orderlineitem",
  "pk": 36,
  "fields": {
    "order": 38,
    "product": 7,
    "product_size": null,
    "quantity": 1,
    "lineitem_total": "19.99"
  }
},
{
  "model": "checkout.orderlineitem",
  "pk": 37,
  "fields": {
    "order": 39,
    "product": 9,
    "product_size": null,
    "quantity": 2,
    "lineitem_total": "35.98"
  }
},
{
  "model": "checkout.orderlineitem",
  "pk": 38,
  "fields": {
    "order": 40,
    "product": 25,
    "product_size": null,
    "quantity": 1,
    "lineitem_total": "34.99"
  }
},
{
  "model": "checkout.orderlineitem",
  "pk": 39,
  "fields": {
    "order": 41,
    "product": 25,
    "product_size": null,
    "quantity": 1,
    "lineitem_total": "34.99"
  }
},
{
  "model": "checkout.orderlineitem",
  "pk": 40,
  "fields": {
    "order": 42,
    "product": 9,
    "product_size": null,
    "quantity": 1,
    "lineitem_total": "17.99"
  }
},
{
  "model": "checkout.orderlineitem",
  "pk": 41,
  "fields": {
    "order": 43,
    "product": 29,
    "product_size": null,
    "quantity": 1,
    "lineitem_total": "32.99"
  }
},
{
  "model": "checkout.orderlineitem",
  "pk": 42,
  "fields": {
    "order": 44,
    "product": 2,
    "product_size": null,
    "quantity": 1,
    "lineitem_total": "11.99"
  }
},
{
  "model": "checkout.orderlineitem",
  "pk": 43,
  "fields": {
    "order": 45,
    "product": 7,
    "product_size": "m",
    "quantity": 1,
    "lineitem_total": "19.99"
  }
},
{
  "model": "checkout.orderlineitem",
  "pk": 44,
  "fields": {
    "order": 46,
    "product": 16,
    "product_size": "xl",
    "quantity": 6,
    "lineitem_total": "209.94"
  }
},
{
  "model": "checkout.orderlineitem",
  "pk": 45,
  "fields": {
    "order": 47,
    "product": 22,
    "product_size": "m",
    "quantity": 1,
    "lineitem_total": "35.99"
  }
},
{
  "model": "checkout.orderlineitem",
  "pk": 46,
  "fields": {
    "order": 47,
    "product": 2,
    "product_size": "m",
    "quantity": 2,
    "lineitem_total": "23.98"
  }
},
{
  "model": "checkout.orderlineitem",
  "pk": 47,
  "fields": {
    "order": 47,
    "product": 29,
    "product_size": "s",
    "quantity": 1,
    "lineitem_total": "32.99"
  }
},
{
  "model": "checkout.orderlineitem",
  "pk": 48,
  "fields": {
    "order": 47,
    "product": 34,
    "product_size": "m",
    "quantity": 1,
    "lineitem_total": "33.99"
  }
},
{
  "model": "checkout.orderlineitem",
  "pk": 49,
  "fields": {
    "order": 48,
    "product": 2,
    "product_size": "m",
    "quantity": 1,
    "lineitem_total": "11.99"
  }
},
{
  "model": "checkout.orderlineitem",
  "pk": 50,
  "fields": {
    "order": 49,
    "product": 9,
    "product_size": "m",
    "quantity": 1,
    "lineitem_total": "17.99"
  }
},
{
  "model": "checkout.orderlineitem",
  "pk": 51,
  "fields": {
    "order": 50,
    "product": 29,
    "product_size": "m",
    "quantity": 1,
    "lineitem_total": "32.99"
  }
},
{
  "model": "checkout.orderlineitem",
  "pk": 52,
  "fields": {
    "order": 51,
    "product": 9,
    "product_size": "m",
    "quantity": 1,
    "lineitem_total": "17.99"
  }
},
{
  "model": "checkout.orderlineitem",
  "pk": 53,
  "fields": {
    "order": 52,
    "product": 15,
    "product_size": "m",
    "quantity": 1,
    "lineitem_total": "44.99"
  }
},
{
  "model": "checkout.orderlineitem",
  "pk": 54,
  "fields": {
    "order": 52,
    "product": 2,
    "product_size": "m",
    "quantity": 1,
    "lineitem_total": "2.00"
  }
},
{
  "model": "checkout.orderlineitem",
  "pk": 55,
  "fields": {
    "order": 53,
    "product": 16,
    "product_size": null,
    "quantity": 1,
    "lineitem_total": "34.99"
  }
},
{
  "model": "checkout.orderlineitem",
  "pk": 56,
  "fields": {
    "order": 54,
    "product": 24,
    "product_size": null,
    "quantity": 1,
    "lineitem_total": "39.99"
  }
},
{
  "model": "checkout.orderlineitem",
  "pk": 57,
  "fields": {
    "order": 55,
    "product": 30,
    "product_size": null,
    "quantity": 1,
    "lineitem_total": "34.99"
  }
},
{
  "model": "checkout.orderlineitem",
  "pk": 58,
  "fields": {
    "order": 56,
    "product": 29,
    "product_size": null,
    "quantity": 3,
    "lineitem_total": "98.97"
  }
},
{
  "model": "checkout.orderlineitem",
  "pk": 59,
  "fields": {
    "order": 57,
    "product": 7,
    "product_size": null,
    "quantity": 1,
    "lineitem_total": "19.99"
  }
},
{
  "model": "checkout.orderlineitem",
  "pk": 60,
  "fields": {
    "order": 58,
    "product": 16,
    "product_size": null,
    "quantity": 1,
    "lineitem_total": "34.99"
  }
},
{
  "model": "checkout.orderlineitem",
  "pk": 61,
  "fields": {
    "order": 59,
    "product": 6,
    "product_size": null,
    "quantity": 1,
    "lineitem_total": "24.99"
  }
},
{
  "model": "checkout.orderlineitem",
  "pk": 62,
  "fields": {
    "order": 60,
    "product": 15,
    "product_size": null,
    "quantity": 1,
    "lineitem_total": "44.99"
  }
},
{
  "model": "checkout.orderlineitem",
  "pk": 63,
  "fields": {
    "order": 61,
    "product": 8,
    "product_size": null,
    "quantity": 1,
    "lineitem_total": "19.99"
  }
},
{
  "model": "checkout.orderlineitem",
  "pk": 64,
  "fields": {
    "order": 62,
    "product": 16,
    "product_size": null,
    "quantity": 1,
    "lineitem_total": "34.99"
  }
},
{
  "model": "checkout.orderlineitem",
  "pk": 65,
  "fields": {
    "order": 63,
    "product": 16,
    "product_size": null,
    "quantity": 1,
    "lineitem_total": "34.99"
  }
},
{
  "model": "checkout.orderlineitem",
  "pk": 66,
  "fields": {
    "order": 64,
    "product": 5,
    "product_size": null,
    "quantity": 2,
    "lineitem_total": "29.98"
  }
},
{
  "model": "checkout.orderlineitem",
  "pk": 67,
  "fields": {
    "order": 65,
    "product": 30,
    "product_size": null,
    "quantity": 1,
    "lineitem_total": "34.99"
  }
},
{
  "model": "checkout.orderlineitem",
  "pk": 68,
  "fields": {
    "order": 66,
    "product": 29,
    "product_size": null,
    "quantity": 2,
    "lineitem_total": "65.98"
  }
},
{
  "model": "checkout.orderlineitem",
  "pk": 69,
  "fields": {
    "order": 67,
    "product": 16,
    "product_size": null,
    "quantity": 1,
    "lineitem_total": "34.99"
  }
},
{
  "model": "checkout.orderlineitem",
  "pk": 70,
  "fields": {
    "order": 68,
    "product": 7,
    "product_size": null,
    "quantity": 1,
    "lineitem_total": "19.99"
  }
},
{
  "model": "checkout.orderlineitem",
  "pk": 71,
  "fields": {
    "order": 69,
    "product": 16,
    "product_size": null,
    "quantity": 1,
    "lineitem_total": "34.99"
  }
},
{
  "model": "checkout.orderlineitem",
  "pk": 72,
  "fields": {
    "order": 70,
    "product": 7,
    "product_size": null,
    "quantity": 2,
    "lineitem_total": "39.98"
  }
},
{
  "model": "checkout.orderlineitem",
  "pk": 73,
  "fields": {
    "order": 71,
    "product": 16,
    "product_size": null,
    "quantity": 1,
    "lineitem_total": "34.99"
  }
},
{
  "model": "checkout.orderlineitem",
  "pk": 74,
  "fields": {
    "order": 72,
    "product": 16,
    "product_size": null,
    "quantity": 1,
    "lineitem_total": "34.99"
  }
},
{
  "model": "checkout.orderlineitem",
  "pk": 75,
  "fields": {
    "order": 73,
    "product": 16,
    "product_size": null,
    "quantity": 1,
    "lineitem_total": "34.99"
  }
},
{
  "model": "checkout.orderlineitem",
  "pk": 76,
  "fields": {
    "order": 74,
    "product": 25,
    "product_size": null,
    "quantity": 2,
    "lineitem_total": "69.98"
  }
},
{
  "model": "checkout.orderlineitem",
  "pk": 77,
  "fields": {
    "order": 75,
    "product": 16,
    "product_size": null,
    "quantity": 2,
    "lineitem_total": "69.98"
  }
},
{
  "model": "checkout.orderlineitem",
  "pk": 78,
  "fields": {
    "order": 76,
    "product": 15,
    "product_size": null,
    "quantity": 3,
    "lineitem_total": "134.97"
  }
},
{
  "model": "checkout.orderlineitem",
  "pk": 79,
  "fields": {
    "order": 77,
    "product": 7,
    "product_size": null,
    "quantity": 1,
    "lineitem_total": "19.99"
  }
},
{
  "model": "checkout.orderlineitem",
  "pk": 80,
  "fields": {
    "order": 78,
    "product": 8,
    "product_size": null,
    "quantity": 1,
    "lineitem_total": "19.99"
  }
},
{
  "model": "checkout.orderlineitem",
  "pk": 81,
  "fields": {
    "order": 79,
    "product": 15,
    "product_size": null,
    "quantity": 1,
    "lineitem_total": "44.99"
  }
},
{
  "model": "checkout.orderlineitem",
  "pk": 82,
  "fields": {
    "order": 80,
    "product": 8,
    "product_size": null,
    "quantity": 1,
    "lineitem_total": "19.99"
  }
},
{
  "model": "checkout.orderlineitem",
  "pk": 83,
  "fields": {
    "order": 81,
    "product": 6,
    "product_size": null,
    "quantity": 1,
    "lineitem_total": "24.99"
  }
},
{
  "model": "checkout.orderlineitem",
  "pk": 84,
  "fields": {
    "order": 82,
    "product": 6,
    "product_size": null,
    "quantity": 1,
    "lineitem_total": "24.99"
  }
},
{
  "model": "checkout.orderlineitem",
  "pk": 85,
  "fields": {
    "order": 83,
    "product": 6,
    "product_size": null,
    "quantity": 2,
    "lineitem_total": "49.98"
  }
},
{
  "model": "checkout.orderlineitem",
  "pk": 86,
  "fields": {
    "order": 84,
    "product": 6,
    "product_size": null,
    "quantity": 1,
    "lineitem_total": "24.99"
  }
},
{
  "model": "checkout.orderlineitem",
  "pk": 87,
  "fields": {
    "order": 85,
    "product": 16,
    "product_size": null,
    "quantity": 1,
    "lineitem_total": "34.99"
  }
},
{
  "model": "checkout.orderlineitem",
  "pk": 88,
  "fields": {
    "order": 86,
    "product": 6,
    "product_size": null,
    "quantity": 1,
    "lineitem_total": "24.99"
  }
},
{
  "model": "checkout.orderlineitem",
  "pk": 89,
  "fields": {
    "order": 87,
    "product": 15,
    "product_size": null,
    "quantity": 2,
    "lineitem_total": "89.98"
  }
},
{
  "model": "checkout.orderlineitem",
  "pk": 90,
  "fields": {
    "order": 88,
    "product": 7,
    "product_size": null,
    "quantity": 2,
    "lineitem_total": "39.98"
  }
},
{
  "model": "checkout.orderlineitem",
  "pk": 91,
  "fields": {
    "order": 89,
    "product": 15,
    "product_size": null,
    "quantity": 1,
    "lineitem_total": "44.99"
  }
},
{
  "model": "checkout.orderlineitem",
  "pk": 92,
  "fields": {
    "order": 90,
    "product": 8,
    "product_size": null,
    "quantity": 1,
    "lineitem_total": "19.99"
  }
},
{
  "model": "main.newslettersignup",
  "pk": 1,
  "fields": {
    "email": "louise.skinner40@gmail.com",
    "date_signed_up": "2026-06-10T20:10:31.986Z"
  }
},
{
  "model": "main.jobapplication",
  "pk": 1,
  "fields": {
    "first_name": "lou",
    "last_name": "asdasdas",
    "email": "ls@gmail.com",
    "position": "marketing",
    "cv": "cvs/test.html",
    "date_applied": "2026-06-10T22:19:28.103Z"
  }
},
{
  "model": "main.jobapplication",
  "pk": 2,
  "fields": {
    "first_name": "`xzxa",
    "last_name": "sadd",
    "email": "ls@gmail.com",
    "position": "fitness_coach",
    "cv": "cvs/test_mOOXnqv.html",
    "date_applied": "2026-06-10T22:25:05.130Z"
  }
},
{
  "model": "main.jobapplication",
  "pk": 3,
  "fields": {
    "first_name": "sa",
    "last_name": "as",
    "email": "ls@gmail.com",
    "position": "marketing",
    "cv": "",
    "date_applied": "2026-06-11T10:09:45.132Z"
  }
},
{
  "model": "main.jobapplication",
  "pk": 4,
  "fields": {
    "first_name": "asda",
    "last_name": "asd",
    "email": "ls@gmail.com",
    "position": "fitness_coach",
    "cv": "cvs/test_xIcBMHC.html",
    "date_applied": "2026-06-11T10:40:28.299Z"
  }
},
{
  "model": "sites.site",
  "pk": 1,
  "fields": {
    "domain": "example.com",
    "name": "example.com"
  }
}
]
